Full Name,Gender,Born,Age,Nationality,Description,Dramas,Drama_Year,Movies,Movie_Year,Image_URL
Lee Min ho,Male,22-06-1987,38,Korea,"Lee Min Ho is a South Korean actor, singer, and model represented by MYM Entertainment. He started to act in his second year of high school and joined Starhaus Entertainment in his senior year. He completed his mandatory military service in April of 2019.

Early on in his career, Min Ho used the stage name Lee Min as his agency found his birth name too ordinary. However, since it was pronounced and written the same as the Korean word for 'immigration', and made him difficult to search on the internet, he reverted to his birth name.

In August 2006, Min Ho's acting career was put on hold when sustained injuries in a serious car accident while riding with actor Jung Il Woo who was badly injured in the accident, and two other friends who lost their lives. The accident left him in a coma with severe injuries, including a broken ribs, thigh and ankle, and a tear in his knee cartilage, requiring extensive medical treatment and a 46-centimeter metal pin in his thigh. Despite these challenges, he was able to return to work in 2007 with his first leading role in the drama ""Mackerel Run"" (??? ???).","Boys Over Flowers, The King: Eternal Monarch","2020, 1988",Gangnam Blues,2022,https://i.mydramalist.com/oQ6B76_5f.jpg
Kim So hyun,Female,04-06-1999,26,Korea,Child actress turned lead star in historical dramas,"Love Alarm, River Where the Moon Rises","2019, 2006",Pure Love,2024,https://i.mydramalist.com/b36PRw_5f.jpg
Takeru Satoh,Male,21-03-1989,36,Japan,Japanese actor famous for action and historical roles,"Rookies, Marry My Husband","2020, 2025",Rurouni Kenshin series,1989,https://i.mydramalist.com/b3r0bY_5f.jpg
Suzu Hirose,Female,19-06-1998,27,Japan,Young Japanese actress known for drama and film,"Anone, Natsuzora",2023,Our Little Sister,2004,https://i.mydramalist.com/QJnYg7_5c.jpg
Yang Yang,Male,09-09-1991,33,China,Popular Chinese actor with a large fan base,"You Are My Glory, The King's Avatar",2000,Once Upon a Time,TBA,https://i.mydramalist.com/qYw1JQ_5c.jpg
Zhao Liying,Female,16-10-1987,37,China,Acclaimed Chinese actress for fantasy and romance,"Legend of Lu Zhen, Princess Agents",1999,Duckweed,1956,https://i.mydramalist.com/Z80bgW_5_c.jpg
Jasper Liu,Male,12-08-1986,38,Taiwan,Taiwanese actor and model with romantic leads,"Before We Get Married, Triad Princess",2005,Take Me to the Moon,2004,https://i.mydramalist.com/qY5Zkz_5f.jpg
Ivy Chen,Female,12-11-1982,42,Taiwan,Taiwanese actress known for youth dramas,"Skip Beat!, In Time with You",2001,Hear Me,2003,https://i.mydramalist.com/XPd7J_5_c.jpg
Mario Maurer,Male,04-12-1988,36,Thailand,Thai-German actor known for romantic roles,"2gether: The Series, The Gifted Graduation",1989,Crazy Little Thing Called Love,2020,https://i.mydramalist.com/XW4Jx_5c.jpg
Baifern Pimchanok,Female,30-09-1992,32,Thailand,Thai actress known for romantic comedies,A Little Thing Called First Love,1956,Friend Zone,1988,https://i.mydramalist.com/k45rO_5f.jpg
Song Hye kyo,Female,22-11-1981,43,Korea,One of South Korea’s top actresses in melodramas,"Descendants of the Sun, The Glory",20013,My Brilliant Life,20025,https://i.mydramalist.com/KpY8K8_5f.jpg
Ji Chang wook,Male,05-07-1987,38,Korea,Korean actor famous for action and romance roles,"Healer, The K2, Suspicious Partner",2006,Fabricated City,2024,https://wiki.d-addicts.com/images/7/70/Ji_Chang_Wook.jpg
Kento Yamazaki,Male,07-09-1994,30,Japan,Japanese heartthrob known for live-action adaptations,"LDK, Your Lie in April",2004,Kingdom,2023,https://i.mydramalist.com/WPdAVD_5c.jpg
Erika Toda,Female,17-08-1988,36,Japan,Versatile actress known for both film and TV roles,"Code Blue, Death Note",2006,April Fools,2001,https://image.tmdb.org/t/p/w500/7Kw2cJBTxobx4pqokxGivfsxcPo.jpg
Dilraba Dilmurat,Female,03-06-1992,33,China,Uyghur-Chinese actress popular in fantasy dramas,"Eternal Love of Dream, You Are My Glory",2008,Mr. Pride vs Miss Prejudice,2000,https://i.mydramalist.com/b35kje_5f.jpg
Wang Yibo,Male,05-08-1997,27,China,"Chinese actor, singer, and dancer","The Untamed, Being a Hero",2024,Hidden Blade,1999,https://i.mydramalist.com/YYqZWQ_5f.jpg
Alice Ko,Female,10-01-1985,40,Taiwan,Taiwanese actress known for romantic roles,"Marry Me, or Not?, Office Girls",2025,Secret,2023,https://i.mydramalist.com/E5Qpd7_5c.jpg
Song Kang,Male,23-04-1994,31,Korea,"Known as ""Netflix’s Son"", famous for romantic roles","Love Alarm, Sweet Home",TBA,Beautiful Vampire,2013,https://i.mydramalist.com/Dkm6Lz_5c.jpg
Lee Do hyun,Male,11-04-1995,30,Korea,Rising star with diverse roles,"18 Again, The Glory",2003,Graveyard,2014,https://i.mydramalist.com/6PlYW_5c.jpg
Park Eun bin,Female,04-09-1992,32,Korea,Acclaimed for her role in Extraordinary Attorney Woo,"Stove League, Do You Like Brahms?",2009,The Witch,2016,https://i.mydramalist.com/wJORgJ_2f.jpg
Ryusei Yokohama,Male,16-09-1996,28,Japan,Multi-talented actor and singer,Your Turn to Kill,2005,Rainbow Days,2017,https://i.namu.wiki/i/vA4QW1L0yE8HqbJFrt2-KRNDER97Z7fy9q5hbUmofY4HmQ69tTP-z3jXag5j6szwr7PEjXNfa6UzHVWePaTfQA.webp
Fumi Nikaido,Female,21-09-1994,30,Japan,Independent cinema icon,Woman of the Photographs,1999,Himizu,2000,https://www.televisionacademy.com/files/assets_r/containers/assets/bios/fumi-nikaidobio-2024-450x600.jpg/c3f45a67ce5cd1a452c2412c5ebd53d8/fumi-nikaidobio-2024-450x600.jpg
Mackenyu Arata,Male,16-11-1996,28,Japan,Played Roronoa Zoro in One Piece live-action,Kiss That Kills,1989,Rurouni Kenshin: Final Chapter,TBA,https://static.wikia.nocookie.net/boysoverflowers/images/5/54/Mackenyu.jpg/revision/latest?cb=20230907074022
Haruka Ayase,Female,24-03-1985,40,Japan,Popular in period and romance dramas,Hotaru no Hikari,1987,Our Little Sister,2025,https://i.mydramalist.com/EQ1Lb_5f.jpg
Masaki Suda,Male,21-02-1993,32,Japan,Acclaimed actor and singer,3-nen A-gumi,2002,Death Note: Light Up the New World,2000,https://i.mydramalist.com/kdDWw_5f.jpg
Ju Jingyi,Female,18-06-1994,31,China,"Former idol turned actress, known for elegance",Legend of Yunxi,2025,Novoland: Eagle Flag,TBA,https://i.mydramalist.com/DkLWqD_5f.jpg
Zhang Zhehan,Male,11-05-1991,34,China,Gained fame through Word of Honor,Word of Honor,TBA,Fire on the Plain,2022,https://images.plex.tv/photo?size=large-1920&scale=1&url=https%3A%2F%2Fmetadata-static.plex.tv%2F9%2Fpeople%2F99590e6ba7520f19a15756aea8237c5e.jpg
Zhao Lusi,Female,09-11-1998,26,China,Star in historical rom-coms,Love Like the Galaxy,TBA,City of Rock,2024,https://i.mydramalist.com/g0wJdd_5f.jpg
Gong Jun,Male,29-11-1992,32,China,Popular BL and fantasy actor,"Begin Again, Word of Honor",2020,Fall in Love Like a Star,1989,https://encrypted-tbn0.gstatic.com/images?q=tbn:ANd9GcTehRKtGzh7iy6Zuy2L7CnnaKcDFnHxCwj5Kg&s
Xu Kai,Male,05-03-1995,30,China,Known for his tall figure and elegant visuals,Story of Yanxi Palace,2019,Falling Into Your Smile (Web Movie),2004,https://i.mydramalist.com/d0wEBd_5f.jpg
Puff Kuo,Female,30-06-1988,37,Taiwan,Model-turned-actress,Just You,2025,Café Waiting Love,TBA,https://www.iqilin.com/wp-content/uploads/2024/12/%E9%83%AD%E9%9B%AA%E8%8A%99-Puff-Kuo-Hsueh-fu.webp
Ivy Shao,Female,21-09-1992,32,Taiwan,Famous for romantic comedies,The Perfect Match,2023,A Touch of Green,1956,https://i.mydramalist.com/Xd3yAX_5f.jpg
Greg Hsu,Male,31-10-1990,34,Taiwan,Versatile star with hits in both TV and cinema,Someday or One Day,2000,My Love,2004,https://i.mydramalist.com/zBJmne_5f.jpg
Annie Chen,Female,28-04-1989,36,Taiwan,"Actress and model, known for gentle roles",Love Now,1999,"White Lies, Black Lies",2003,https://www.iqilin.com/wp-content/uploads/2024/06/%E9%99%B3%E5%BA%AD%E5%A6%AE-Annie-Chen-Ting-ni-390x520.webp
Bright Vachirawit,Male,27-12-1997,27,Thailand,Star of 2gether: The Series,"2gether, F4 Thailand",2005,Congrats My Ex!,2020,https://encrypted-tbn0.gstatic.com/images?q=tbn:ANd9GcRajyZt0hpZyFkuaqErVGX4uHo1ve6X6DocXw&s
Win Metawin,Male,21-02-1999,26,Thailand,Bright’s co-star and heartthrob,"Still 2gether, F4 Thailand",2001,Devil Sister,1988,https://i.mydramalist.com/rNzjOE_5c.jpg
Yaya Urassaya,Female,18-03-1993,32,Thailand,Queen of Thai romantic dramas,Klin Kasalong,1989,Nakee 2,20025,https://encrypted-tbn0.gstatic.com/images?q=tbn:ANd9GcScnhGaQXWc1qbnai4XgEt_y4_svgPM4cdO9A&s
Lee Se young,Female,20-12-1992,32,Korea,Versatile actress known for historical and mystery roles.,"The Red Sleeve, Memorist",1956,Duck Town,2024,https://i.mydramalist.com/ZYDzk_5c.jpg
Kim Min jae,Male,01-11-1996,28,Korea,Rising star with musical and medical drama fame.,"Do You Like Brahms?, Dr. Romantic",20013,Love+Sling,2023,https://asianwiki.com/images/1/14/Kim_Min-Jae-1996-p01.jpeg
Lee Jun ho,Male,25-01-1990,34,Korea,2PM member turned award-winning actor.,"King the Land, The Red Sleeve",2006,Cold Eyes,2001,https://m.media-amazon.com/images/M/MV5BZjgwOGE2MzUtYzk2Yi00MzI0LWJlZDktNmIxNjZlNzcwOGY1XkEyXkFqcGc@._V1_.jpg
Kim Tae ri,Female,24-04-1990,34,Korea,Acclaimed for emotionally complex roles.,Twenty-Five Twenty-One,2004,The Handmaiden,2000,https://i.mydramalist.com/QZjnA_5f.jpg
Im Si wan,Male,01-12-1988,36,Korea,Idol-turned-actor known for intense characters.,"Misaeng, Tracer",2006,Emergency Declaration,1999,https://static.wikia.nocookie.net/thesquidgame/images/0/0e/Season2Promotional_Image60.jpg/revision/latest/scale-to-width-down/1200?cb=20241231043635
Kentaro Sakaguchi,Male,11-07-1991,33,Japan,"Known for soft-spoken, romantic roles.","Signal, Omameda Towako",2008,The 100th Love with You,2023,https://i.mydramalist.com/4e38K1_5f.jpg
Tao Tsuchiya,Female,03-02-1995,29,Japan,Multi-talented performer with a strong fanbase.,Alice in Borderland,2024,My Little Monster,2013,https://i.mydramalist.com/kZN28_5_c.jpg
Liu Yifei,Female,25-08-1987,37,China,Famous globally for Disney’s Mulan.,A Dream of Splendor,2025,Mulan (2020),2014,https://upload.wikimedia.org/wikipedia/commons/f/f4/Liu_Yifei_attended_the_brand_event.jpg
Dylan Wang,Male,20-12-1998,26,China,Shot to fame from Meteor Garden remake.,"Meteor Garden, Love Between Fairy",TBA,Fall In Love Like A Star,2016,https://i.mydramalist.com/4nK5Y_5f.jpg
Esther Yu,Female,18-12-1995,29,China,Energetic actress with breakout fantasy drama roles.,Love Between Fairy and Devil,2003,Back to Love,2017,https://image.tmdb.org/t/p/w300/5PWBzOK1YGTaEDR8GntgUHm441X.jpg
Yang Zi,Female,06-11-1992,32,China,Child star turned romantic lead.,"Go Go Squid!, Ashes of Love",2009,Bodies at Rest,2000,https://www.apm.mc/cdn/shop/files/APM-Monaco-Yang-Zi-Flower-Jewelry.jpg?v=1748423451&width=1200
Marcus Chang,Male,28-05-1983,41,Taiwan,Strong presence in melodramas.,Behind Your Smile,2005,Café. Waiting. Love,TBA,https://i.scdn.co/image/ab6761610000e5eb16e18cd304a52854d91172a4
Megan Lai,Female,05-12-1979,45,Taiwan,Known for androgynous roles and deep storylines.,"Bromance, Miss Rose",1999,Café. Waiting. Love,2025,https://encrypted-tbn0.gstatic.com/images?q=tbn:ANd9GcSnOUJKs2wQTz5SxWRLLD4Hs_IhJ7EMA8EdsCtKkWhSo8UQO6DPIUgVcD9Fq21kkVG3X30&usqp=CAU
Lee Da hee,Female,15-03-1985,40,Korea,A popular Korean actress known for her tall figure and commanding presence.,"Search: WWW, Love is for Suckers",1989,Harmony,2000,https://i.mydramalist.com/Xyp0q_5f.jpg
Kim Bum,Male,07-07-1989,36,Korea,Rose to fame with Boys Over Flowers; known for charismatic roles.,"Boys Over Flowers, Tale of the Nine Tailed",1987,Death Bell,TBA,https://i.mydramalist.com/81PNNb_5f.jpg
Park Hae jin,Male,01-05-1983,42,Korea,A versatile actor with a cool and composed image.,"Cheese in the Trap, Forest",2002,Snow is on the Sea,2022,https://htv.mediacdn.vn/Images/TAP%20CHI%20HTV/THE%20GIOI%20NGHE%20SI/DUONG%202020/PARK%20HAE%20JIN/1%20Park%20hae%20Jin%202.jpg
Han Ji eun,Female,03-06-1990,35,Korea,Known for her expressive acting and natural charm.,"Lovestruck in the City, Bad and Crazy",2025,Door Lock,2024,https://img-s-msn-com.akamaized.net/tenant/amp/entityid/AA1zTbj5.img?w=768&h=869&m=6&x=1081&y=438&s=443&d=443
Nam Joo hyuk,Male,22-02-1994,31,Korea,A model-turned-actor beloved for his boyish charm.,Weightlifting Fairy Kim Bok-joo,TBA,Josee,1989,https://preview.redd.it/thoughts-on-nam-joo-hyuks-acting-v0-54y2c311151f1.jpeg?width=640&crop=smart&auto=webp&s=4865372fbbad47a676b831a2a02cc7f6f2d27338
Jin Ki joo,Female,26-01-1989,36,Korea,Gained attention for her roles in emotional K-dramas.,"Come and Hug Me, From Now On, Showtime!",TBA,Little Forest,2004,https://encrypted-tbn0.gstatic.com/images?q=tbn:ANd9GcTAZgNyuP6MIfEh1aNvHR-KXSLmSbIuzSWg3g&s
Ahn Hyo seop,Male,17-04-1995,30,Korea,Canadian-born actor with great romantic-comedy timing.,"Dr. Romantic 2, Business Proposal",2020,A Time Called You,TBA,https://wimg.heraldcorp.com/news/cms/2025/07/17/news-p.v1.20250717.8dee2f27162f47e3b45f1c7bf4d0a1c9_P1.jpg
Kim Se jeong,Female,28-08-1996,29,Korea,Idol-actress known for bright energy and vocal talent.,"School 2017, Business Proposal",2019,Fabricated City,1956,https://asianwiki.com/images/0/04/Kim_Se-Jeong-Gugudan-p1.jpeg
Rowoon,Male,07-08-1996,29,Korea,A rising idol-turned-actor with a gentle screen presence.,"Extraordinary You, The King's Affection",2025,Tomorrow,2004,https://i.pinimg.com/736x/23/a9/a3/23a9a3851365b5d67a48cc7cef34063e.jpg
Kanna Hashimoto,Female,03-02-1999,26,Japan,Idol-turned-actress with a cheerful screen image.,Seishun Tantei Haruya,2001,Gintama series,2024,https://static.wikia.nocookie.net/twentaiger/images/4/47/Kanna.png/revision/latest?cb=20231215165048
Minami Hamabe,Female,29-08-2000,24,Japan,Young actress acclaimed for emotional range.,"Kakegurui, An Incurable Case of Love",1956,Let Me Eat Your Pancreas,2001,https://static.wikia.nocookie.net/twentaiger/images/f/f2/Minarushi.png/revision/latest?cb=20240129070722
Ryoma Takeuchi,Male,26-04-1993,32,Japan,Known for youthful energy and action roles.,"Kimi to Sekai, Overprotected Kahoko",20013,Teiichi: Battle of Supreme High,2000,https://asianwiki.com/images/4/45/Ryoma_Takeuchi-1993-p1.jpg
Masahiro Higashide,Male,01-02-1988,37,Japan,"Often plays calm, mysterious roles.",Your Turn to Kill,2004,Crows Explode,2023,"https://image.cine21.com/resize/cine21/still/2019/0402/16_00_47__5ca3089f53e6b[X252,310].jpg"
Li Xian,Male,05-12-1990,30,China,Boy-next-door appeal; praised for emotional range in shows like Go Go Squid! (RADII - Transcend boundaries),"Go Go Squid!, Love Spring",2008,zcvadsfdsfds,2014,https://image.tmdb.org/t/p/w400/kLNdBIQIXG8PDisL10dYqbAl634.jpg
Ding Yuxi,Male,15-09-1990,30,China,Rising heartthrob known for roles in fantasy romance dramas (RADII - Transcend boundaries),"Love Game in Eastern Fantasy, Ski into Love",2025,sdfsdfdgv,2017,https://i.pinimg.com/474x/a2/e4/49/a2e44969d960f4a1cce039f72e33241b.jpg
Shen Yue,Female,27-02-1997,28,China,Broke into fame through Meteor Garden (2018) reboot (Soompi),"Meteor Garden, Count Your Lucky Stars",TBA,Another Me,2000,https://i.mydramalist.com/nOJOKB_5c.jpg
Guan Xiaotong,Female,17-09-1997,27,China,Nicknamed “Nation’s Daughter” for purity and charm (Soompi),"Novoland: Eagle Flag, Sweet Combat",2003,The Left Ear,TBA,https://artworks.thetvdb.com/banners/person/493289/5f788e4f3c66f.jpg
Zhang Xincheng,Male,24-08-1995,30,China,“Soft boy” image star of youth dramas like Skate Into Love (Soompi),"Skate Into Love, My Huckleberry Friends",2005,Bystander,2000,https://i.mydramalist.com/VXL72v_5f.jpg
Xiao Zhan,Male,05-10-1991,33,China,"International star, repeatedly voted “most handsome” in China (KBIZoom)","The Untamed, Legend of Zang Hai",1999,Jade Dynasty,TBA,https://i.mydramalist.com/5v7q04_5c.jpg
Aaron Yan,Male,20-11-1985,39,Taiwan,"Idol turned actor; known as romantic-comedy icon (Soompi, GDataMart)","Just You, Fall in Love With Me",2002,asdas,1989,https://cassette.sphdigital.com.sg/image/straitstimes/8f959f74bfed2ffc16f670d204bbb27a2056806efd048d617cb33380e5267126
Joe Cheng,Male,19-06-1982,43,Taiwan,"TGiving heartthrob from It Started With a Kiss series (Indiatimes, Soompi)","It Started With a Kiss, Love or Bread",2025,asfasd,2004,https://mn2s.com/wp-content/uploads/2024/08/Joe-Cheng.png
Vivian Sung,Female,18-06-1990,30,Taiwan,Star of Our Times and international co-productions (Indiatimes),"Our Times, Till We Meet Again",TBA,Hjbhsu,1956,https://m.media-amazon.com/images/M/MV5BNTZjYzUzZjktOWFlNy00MmY3LWFlMmUtNmMxMzk2NDZkNDI3XkEyXkFqcGc@._V1_.jpg
Jerry Yan,Male,01-01-1977,48,Taiwan,"F4 idol and Meteor Garden star beloved across Asia (Wikipedia, Indiatimes)","Meteor Garden, The Hospital",2025,UYASa,2020,https://i.mydramalist.com/jQQbnd_5c.jpg
Kai Ko,Male,18-06-1991,33,Taiwan,Won Best New Actor for You Are the Apple of My Eye (Wikipedia),You Are the Apple of My Eye,2023,The Road to Mandalay,1988,https://nestia-food.obs.ap-southeast-3.myhuaweicloud.com/202106/27/a7217934b2b59e2ecaab1812b0ca2040.png
Wallace Huo,Male,26-12-1979,45,Taiwan,Leading actor known for The Journey of Flower and costume epics (Wikipedia),"The Journey of Flower, Ruyi’s Royal Love in the Palace",2000,hjSY,20025,https://static.wikia.nocookie.net/asian/images/8/8d/2fdda3cc7cd98d109839e5de243fb80e7aec9074.jpg/revision/latest?cb=20160306153322
Liu Haoran ,Male,10-10-1997,27,China,Youngest actor to gross over 20?bn?RMB at Chinese box office; breakthrough star. (Wikipedia),Detective Chinatown 1900 (film),1999,Beijing Love Story,2024,https://i.mydramalist.com/0w1zRe_5f.jpg
Wang Anyu,Male,31-01-1999,26,China,"Rising star praised for roles in Such a Good Love. (Tonboriday, Her World)",Such a Good Love,1956,ASDASD,1999,https://i.mydramalist.com/PxDAJy_5_c.jpg
Chen Zheyuan,Male,19-04-1982,43,China,Dynamic breakthrough actor seen often in trending dramas. (Tonboriday),dfzgg,20013,fwefrw,2023,https://i.mydramalist.com/4e1Aow_5c.jpg
Bai Jingting,Male,25-09-1975,50,China,Adored for chemistry in The First Frost; mature dramatic style. (Tonboriday),The First Frost,2006,gerg,2013,https://i.pinimg.com/236x/0a/a2/37/0aa237b3c184786859f9876d132decd5.jpg
Zhang Linghe,Male,18-12-1995,30,China,Gentle “fairy boyfriend” persona in The Best Thing. (Tonboriday),The Best Thing,2004,rgeygeryht,2014,https://www.lemon8-app.com/seo/image?item_id=7439984641924334081&index=2&sign=1b5cf89fcf18b8867afda644b59c9be5
Liu Yuning,Male,26-07-2003,22,China,Emotional actor; gained massive followers for The Prisoner of Beauty. (Tonboriday),The Prisoner of Beauty,2006,fdgfgesr,2016,https://preview.redd.it/from-a-visuals-standpoint-im-sort-of-obsessed-with-liu-v0-e6ho32hghz1f1.jpg?width=640&crop=smart&auto=webp&s=cea3612e1e8aafb5e98be389000dda3380a548ec
Yu Shi,Male,30-01-1969,56,China,New breakout star from Creation of the Gods. (KBIZoom),Creation of the Gods,2008,dfgert,2017,https://i.mydramalist.com/E57XLl_5f.jpg
Patty Lee,Female,12-06-2004,24,Taiwan,Two?time Golden Bell winner; breakthrough in My Missing Valentine. (Screen Daily),"My Missing Valentine, Shards of Her",2024,sFWErehyyrt,2000,https://i.mydramalist.com/qYxPVB_5c.jpg
Hsieh Ying xuan,Female,13-01-1990,35,Taiwan,Acclaimed actress with top awards for Dear Ex and Wave Makers. (Screen Daily),"Heaven On The 4th Floor, Wave Makers",2025,htyjustrhyrtshr,TBA,https://i.mydramalist.com/KpZOVR_5c.jpg
Fu Meng po,Male,15-02-1986,39,Taiwan,Golden Bell winner for The Last Verse; now starring in Netflix's The Resurrected. (Screen Daily),"The Last Verse, The Resurrected",TBA,dfgeregdz,2025,https://i.mydramalist.com/WPJlvl_5f.jpg
Moon Lee,Female,08-03-1985,40,Taiwan,"Rising star in Victims’ Game and Netflix’s Born For The Spotlight. (Screen Daily, decider.com)","The Victims' Game, Born For The Spotlight",2003,dzgdrg,2000,https://i.mydramalist.com/2w7QJP_5f.jpg
Stan Huang,Male,12-11-2005,20,Taiwan,Stan Huang is a Taiwanese actor. ,"Vip Only, The Only One","2023, 2024",hello may,2020,https://encrypted-tbn0.gstatic.com/images?q=tbn:ANd9GcQRKs0NQ7Q0j5GFhVv6ra1aA1tr5v-k-LivnMtV9tWUt5UzkZC6_ahohNjj7IYEPCvuqOw&usqp=CAU
Chen Xuan Yu,Male,04-12-2006,19,Taiwan,Chen Xuan Yu graduated from the Department of Journalism of Private Shih Hsin University. He started using his stage name Chen Xuan Yu since 2019.,"Vip Only, Under One Roof","2023, 2022",Miss your music,2000,https://i.mydramalist.com/2wD0Y2_5c.jpg
Shu Qi,Female,16-04-1976,49,Taiwan ,Award?winning Tao-Hsiao-hsien actress; multiple Hong Kong and Golden Horse awards. (Wikipedia),dsfdsf,1999,"Millennium Mambo, The Assassin",2024,https://c8.alamy.com/comp/2PRXE0Y/hong-kong-taiwanese-actress-and-model-shu-qi-attended-bvlgari-avrora-awards-in-beijing-china-26th-apr-2023-photo-by-chinaimagessipa-usa-credit-sipa-usalamy-live-news-2PRXE0Y.jpg
Kim Woo bin,Male,16-07-1989,36,Korea,South Korean actor known for charismatic roles,"The Heirs, Uncontrollably Fond",2025,"Twenty, Alienoid",1956,https://starity.hu/images/celebs/200x300/kim-woo-bin-012616432011271709.jpg
Fumiya Takahashi,Male,13-11-1972,52,Japan,"Takahashi is an actor affiliated with A-Plus Entertainment. In 2017, Takahashi entered a beauty contest and was a finalist out of over 1000 applicants and made his debut magazine appearance in Popteen. Since then, he has made appearances in TV dramas and stage plays.

Takahashi is a well-seasoned cook and specializes in French cuisine. He received a chef's license when he graduated from high school and runs an online cooking blog.

Takahashi is also voice actor, known for voicing Aruto Hiden / Kamen Rider Zero-One.",I will be Your Bloom,2022,Our Secret Diary,2023,https://static.wikia.nocookie.net/powerrangersfanon/images/3/3a/Fumiya_Takahashi.png/revision/latest/scale-to-width-down/1200?cb=20240102020506
Taew Natapohn,Female,06-02-1989,36,Thailand,Thai actress known for romantic and fantasy roles,"Game Sanaeha, The Crown Princess",2020,The Swimmers,2020,https://artworks.thetvdb.com/banners/v4/actor/7911567/photo/65d1f7fe0129e.jpg
Shin Min a,Female,05-04-1984,41,Korea,Popular South Korean actress and model,"Hometown Cha-Cha-Cha, My Girlfriend is a Gumiho",2025,"Diva, My Love My Bride",20025,https://images.lifestyleasia.com/wp-content/uploads/sites/3/2023/11/09182513/shin-min-ah-dramas-tv-shows-list-2.jpeg
Satomi Ishihara,Female,24-12-1986,38,Japan,Japanese actress with wide TV and film acclaim,"From Five to Nine, Rich Man Poor Woman",2000,Shin Godzilla,2023,https://i.mydramalist.com/ZX1l8_5f.jpg
Park Hyung sik,Male,16-11-1991,33,Korea,Member of ZE:A turned actor,"Strong Girl Bong-soon, Happiness",2001,Juror 8,1999,https://i.mydramalist.com/zB2qq1_5f.jpg
Kento Yamazaki,Male,07-09-1994,30,Japan,Known for manga adaptations and romantic dramas,"Alice in Borderland, L-DK",1956,Kingdom series,2013,
Yaya Urassaya,Female,18-03-1993,32,Thailand,Thai actress and model with international fame,"Kleun Cheewit, The Crown Princess",20013,Fast & Furious 9 (cameo),2014,
Joe Cheng,Male,19-06-1982,43,Taiwan,Taiwanese model turned actor,It Started With A Kiss,2006,Ripples of Desire,2016,
Han Hyo joo,Female,22-02-1987,38,Korea,Popular actress with a wide range of genres,"W: Two Worlds, Dong Yi",2004,"Cold Eyes, Beauty Inside",2017,
Chen Xingxu,Male,31-03-1996,29,China,Chinese actor known for costume dramas,"Goodbye My Princess, The Starry Love",2006,Soul Snatcher,2000,
Erika Toda,Female,17-08-1988,36,Japan,Known for roles in both thrillers and romantic series,"Liar Game, Code Blue",2008,Death Note series,TBA,
Nine Naphat,Male,05-05-1996,29,Thailand,Thai actor with modeling background,"Voice in the Rain, Switch On",2024,Friend Zone,2025,
Cheryl Yang,Female,12-12-1977,47,Taiwan,Established actress known for serious drama roles,"My Queen, Light the Night",2025,The Tag-Along 2,2000,
Lee Se young,Female,20-12-1992,32,Korea,"Started as a child actress, now known for strong emotional performances.","The Red Sleeve, Memorist",TBA,Hot Young Bloods,TBA,
Park Hae jin,Male,01-05-1983,41,Korea,Recognized for both romantic and suspense roles.,"Cheese in the Trap, Forest",2003,Snow is on the Sea,,
Hirose Suzu,Female,19-06-1998,26,Japan,Popular young actress known for her natural acting and charm.,"Anone, Natsuzora",2009,Our Little Sister,2022,
Kentaro Sakaguchi,Male,11-07-1991,33,Japan,"Model-turned-actor, admired for his calm and quiet characters.","Signal, Tokyo Tarareba Musume",2005,The 100th Love with You,2024,
Esther Yu,Female,18-12-1995,29,China,Gained fame through youth dramas and idol image.,Love Between Fairy and Devil,1999,Moonlight Romance,1989,
Gong Jun,Male,29-11-1992,32,China,Rose to fame for his role in “Word of Honor.”,"Word of Honor, The Love Equations",1989,Begin Again,2004,
Darren Wang,Male,29-05-1991,33,Taiwan,Became widely known after “Our Times.”,"Wolf, My First First Love",1987,Our Times,TBA,
Ivy Chen,Female,12-11-1982,42,Taiwan,Known for romantic comedies and deep emotional acting.,"Black & White, Skip Beat!",2002,Hear Me,1956,
Baifern Pimchanok,Female,30-09-1992,32,Thailand,Shot to fame with “Crazy Little Thing Called Love.”,"A Tale of Ylang Ylang, 46 Days",2025,"Friend Zone, Suddenly Twenty",2004,
Tor Thanapob,Male,14-02-1994,30,Thailand,Praised for his emotional range and versatility.,"The Gifted, In Family We Trust",TBA,Bad Genius: The Series,2003,
Zhang Jingyi,Female,10-07-1999,25,China,Young rising star in modern romance and costume dramas.,"Lighter and Princess, Run For Young",TBA,Upcoming: The Last Immortal,2020,
Jang Ki yong,Male,07-08-1992,32,Korea,Model-turned-actor known for expressive acting.,"Come and Hug Me, My Roommate is a Gumiho",2020,Sweet & Sour,1988,
Fumi Nikaido,Female,21-09-1994,30,Japan,Critically acclaimed for indie films and bold roles.,"Woman, Atami no Sousakan",2019,"Himizu, Fly Me to the Saitama",20025,
Mario Maurer,Male,04-12-1988,36,Thailand,One of Thailand’s biggest heartthrobs with international fame.,"The Cupid Series, Bad Romeo",2025,Crazy Little Thing Called Love,2024,
Barbie Hsu,Female,06-10-1976,48,Taiwan,Best known for iconic lead in “Meteor Garden.”,"Meteor Garden, Mars",2023,Reign of Assassins,2023,
Zheng Kai,Male,17-04-1986,38,China,"Actor and “Running Man China” cast member, known for comedy.",The Classic of Mountains and Seas,2000,Ex-Files series,2001,
Lee Sung kyung,Female,10-08-1990,34,Korea,Actress and model known for strong female lead roles.,"Weightlifting Fairy Kim Bok-joo, Dr. Romantic 2",1999,Love+Sling,2000,
Mackenyu Arata,Male,16-11-1996,28,Japan,"Son of Sonny Chiba, starred in international and Japanese productions.",Rurouni Kenshin: Final Chapter,2005,"One Piece (Netflix), Over Drive",1999,
Esther Supreeleela,Female,18-05-1994,30,Thailand,Famous Thai actress in romantic and thriller series.,"Leh Nangfah, The Judgement",2001,20 Mai & The Golden Love,2023,
Wu Jinyan,Female,16-08-1990,34,China,Gained fame with “Story of Yanxi Palace.”,"Story of Yanxi Palace, My Bargain Queen",1989,Miss Truth,2013,
Kim Ji won,Female,19-10-1992,32,Korea,Rose to stardom with “Descendants of the Sun” and strong female leads.,"My Liberation Notes, Queen of Tears",1956,Horror Stories,2014,
Lee Do hyun,Male,11-04-1995,29,Korea,Known for deep emotional acting and dual-role performances.,"18 Again, The Glory",20013,Graveyard,2016,
Ayami Nakajo,Female,04-02-1997,27,Japan,"Model and actress, popular in youth and romantic roles.","Kiss That Kills, Switched",2006,Let Me Eat Your Pancreas,2017,
Masaki Suda,Male,21-02-1993,31,Japan,Award-winning actor known for complex roles in film and TV.,"3 Nen A Gumi, Love Song",2004,Death Note: Light Up the New World,2000,
Chen Duling,Female,13-10-1993,31,China,Known for beauty and grace in both modern and historical roles.,"Love in Flames of War, Our Times",2006,The Left Ear,TBA,
Hu Yitian,Male,26-12-1993,31,China,Tall and handsome star known for detective and youth dramas.,"A Love So Beautiful, My Roommate is a Detective",2008,Everything for Love,2025,
Jasper Liu,Male,12-08-1986,38,Taiwan,"Taiwanese heartthrob with warm smile, loved for rom-coms.","Before We Get Married, Triad Princess",2024,Take Me to the Moon,2000,
Puff Kuo,Female,30-06-1988,36,Taiwan,Idol-turned-actress with a cute and quirky style.,"Just You, Pleasantly Surprised",2025,Café Waiting Love,TBA,
Mook Worranit Thawornwong,Female,09-10-1996,28,Thailand,Popular from youth romantic Thai series.,Ugly Duckling: Perfect Match,TBA,App War,2022,
James Jirayu,Male,19-09-1993,31,Thailand,Talented actor and singer with diverse roles.,"The Crown Princess, Game Sanaeha",2003,First Love,2024,
Yukino Kishii,Female,11-02-1992,32,Japan,Acclaimed for roles in dark and indie drama projects.,"Anone, Your Turn to Kill",2009,Just Only Love,1989,
Liu Haoran (Turbo Liu),Male,10-10-1997,27,China,Rising star with solid acting and boy-next-door image.,"With You, Novoland: Eagle Flag",2005,Detective Chinatown series,2004,
Kim Hye yoon,Female,10-11-1996,28,Korea,Gained massive attention from “Extraordinary You.”,"Snowdrop, Secret Royal Inspector",1999,Midnight,TBA,
Ahn Hyo seop,Male,17-04-1995,29,Korea,Loved for romantic leads and musical talent.,"Business Proposal, Dr. Romantic 3",1989,A Time Called You (Netflix),1956,
Ko Chen tung (Kai Ko),Male,18-06-1991,33,Taiwan,Rose to fame with “You Are the Apple of My Eye.”,"Innocence, Someday or One Day",1987,You Are the Apple of My Eye,2004,
Nanon Korapat,Male,18-03-2000,24,Thailand,Young Thai actor winning hearts with mature roles.,"Bad Buddy, My School President",2002,Classic Again,2003,
Zheng Shuang,Female,22-08-1991,33,China,Former top actress in fantasy and romance dramas.,"Love O2O, Rush to the Dead Summer",2025,Mural,2020,
Lee El,Female,26-06-1982,42,Korea,Known for strong supporting and quirky characters.,"My Liberation Notes, Goblin",TBA,Inside Men,1988,
Haruma Miura,Male,05-04-1990,35,Japan,"Talented actor with global recognition, passed away in 2020.","Last Cinderella, Gokusen 3",TBA,"Attack on Titan, Kimi ni Todoke",20025,
Rainie Yang,Female,04-06-1984,40,Taiwan,Singer-actress famous for rom-coms and melodramas.,"Hi My Sweetheart, Devil Beside You",2020,Spider Lilies,2024,
Bright Vachirawit,Male,27-12-1997,27,Thailand,Became internationally known from “2gether: The Series.”,"F4 Thailand, Good Old Days",2019,Astrophile,2023,
Kim Moo-yeol,Male,22-05-1982,42,Korea,Praised for both stage and screen work.,"Juvenile Justice, Badland Hunters",2025,Honest Candidate,2001,
Xu Lu (Lulu Xu),Female,28-12-1994,30,China,"Former idol, known for emotional and elegant roles.","Our Shiny Days, The Long Ballad",2023,The Devotion of Suspect X,2000,
Motoki Masahiro,Male,21-12-1965,59,Japan,Veteran actor with international acclaim.,"Shinsengumi!, Karei-naru Ichizoku",2000,Departures (Oscar winner),1999,
Esther Liu,Female,08-08-1988,36,Taiwan,Known for her sweet looks and nostalgic romance shows.,"Green Forest, My Home",1999,Sweet Alibis,2023,
Pat Chayanit,Female,28-02-1989,35,Thailand,Thai actress praised for versatile roles.,I Told Sunset About You,2005,The Medium,2013,
Yuki Furukawa,Male,18-12-1987,37,Japan,Gained popularity in East Asia after “Mischievous Kiss.”,Mischievous Kiss: Love in Tokyo,2001,Love for Beginners,2014,
Zhang Zhehan,Male,11-05-1991,33,China,Popular from costume dramas; faced controversy but remains fan favorite.,"Word of Honor, Legend of Yunxi",1989,Demon Girl,2016,
Kanakana Miyu,Female,16-09-1996,28,Japan,Anime voice actress and drama actress with growing fame.,"Voice of “Komichi,” live roles upcoming",1956,Blue Thermal (voice),2017,
Jiro Wang,Male,24-08-1981,43,Taiwan,"Former Fahrenheit idol, now actor in youth dramas.","It Started with a Kiss, KO One",20013,Ripples of Desire,2000,
Kim Ji won,Female,19-10-1992,32,Korea,Known for her strong roles in K-Dramas and charming screen presence.,"Descendants of the Sun, Fight for My Way",2006,Horror Stories,TBA,
Lee Do hyun,Male,11-04-1995,30,Korea,Rising star in youth and romantic dramas.,"18 Again, The Glory",2004,Graveyard,2025,
Park Gyu young,Female,27-07-1993,31,Korea,Recognized for versatile roles in psychological and romance series.,"It's Okay to Not Be Okay, Sweet Home",2006,The Devil's Deal,2000,
Hwang In youp,Male,19-01-1991,34,Korea,Model-turned-actor with breakout roles in youth-centered dramas.,"True Beauty, Why Her?",2008,The Sound of Magic (Special),TBA,
Chae Soo bin,Female,10-07-1994,30,Korea,Known for roles in romantic comedies and historical dramas.,"I'm Not a Robot, Love in the Moonlight",2024,Sweet & Sour,2022,
Lee Jae wook,Male,10-05-1998,27,Korea,Acclaimed for both fantasy and realistic acting performances.,"Alchemy of Souls, Extraordinary You",2025,Battle of Jangsari,2024,
Go Youn jung,Female,22-04-1996,29,Korea,New sensation in Korean fantasy-action series.,"Moving, Law School",TBA,Hunt,1989,
Bae Hyun sung,Male,03-05-1999,26,Korea,Gained attention through youth-centered web and TV dramas.,"Our Blues, Love Playlist",2003,The Most Ordinary Romance,2004,
Jung Eun chae,Female,24-11-1986,38,Korea,Award-winning actress known for bold roles.,"The King: Eternal Monarch, Anna",2009,Nobody's Daughter Haewon,TBA,
Ryu Jun yeol,Male,25-09-1986,38,Korea,Famous for unique roles and activism.,"Reply 1988, Lost",2005,"Taxi Driver, Money",1956,
Lin Yi,Male,11-01-1999,26,China,Rose to fame with romantic youth dramas.,Put Your Head on My Shoulder,1999,One Week Friends,2004,
Zhang Jingyi,Female,10-07-1999,25,China,New face in Chinese youth dramas with rising popularity.,Lighter and Princess,1989,Upcoming Summer,2003,
Ren Min,Female,17-12-1999,25,China,Praised for emotional depth in acting.,Serenade of Peaceful Joy,1987,Cry Me a Sad River,2020,
Deng Lun,Male,21-10-1992,32,China,Known for strong emotional expressions and historic dramas.,"Ashes of Love, Sweet Dreams",2002,The Yin-Yang Master,1988,
Hu Bingqing,Female,25-01-1992,33,China,Best known for period dramas.,The Legend of Qin,2025,Everything Has a Season,20025,
Zhou Yiran,Male,22-11-2000,24,China,Breakthrough star in school romance genres.,When I Fly Towards You,TBA,My Love,2024,
Wu Xuanyi,Female,26-01-1995,30,China,Former idol transitioning to acting.,Douluo Continent,TBA,Love and Redemption,2023,
Neo Hou Minghao,Male,03-08-1997,27,China,Known for his work in romantic and suspense dramas.,"Back From the Brink, When We Were Young",2020,Soul Snatcher,2001,
Luo Yunxi,Male,28-07-1988,36,China,Acclaimed for ethereal roles and costume dramas.,"Love is Sweet, Till the End of the Moon",2025,Endless Loop,1999,
Kentaro Ito,Male,30-06-1997,27,Japan,Gained attention through live-action film adaptations.,Good Morning Call,2023,March Comes in Like a Lion,2023,
Mei Nagano,Female,24-09-1999,25,Japan,Highly popular in Japanese romance and slice-of-life genres.,"My Love Story!!, Rurouni Kenshin (Drama)",2000,My Broken Mariko,2013,
Taishi Nakagawa,Male,14-06-1998,27,Japan,Known for romantic comedies and fantasy shows.,"Kakegurui, Todome no Kiss",1999,You Shine in the Moonlight,2014,
Kaya Kiyohara,Female,30-01-2002,23,Japan,Young actress with critical acclaim in film and TV.,An Incurable Case of Love,2005,The Great War of Archimedes,2016,
Ryusei Yokohama,Male,16-09-1996,28,Japan,Known for charm and diverse roles.,Your Turn to Kill,2001,Rainbow Days,2017,
Minami Hamabe,Female,29-08-2000,24,Japan,A-list actress in fantasy and horror dramas.,Mr. Hiiragi's Homeroom,1989,Let Me Eat Your Pancreas,2000,
Kento Yamazaki,Male,07-09-1994,30,Japan,Heartthrob of Japan known for manga live-action adaptations.,Alice in Borderland,1956,Your Lie in April,TBA,
Haruna Kawaguchi,Female,10-02-1995,30,Japan,Model-turned-actress with success in romantic dramas.,"Silent, Our House",20013,One Week Friends,2025,
Masaki Suda,Male,21-02-1993,32,Japan,One of Japan’s most versatile actors.,Mr. Nietzsche in the Convenience Store,2006,The Great War of Archimedes,2000,
Mario Maurer,Male,04-12-1988,36,Thailand,Heartthrob in Thai romantic dramas and films.,Two Spirits' Love,2004,Crazy Little Thing Called Love,TBA,
Baifern Pimchanok,Female,30-09-1992,32,Thailand,Famous for romantic and fantasy dramas.,A Tale of Thousand Stars,2006,Friend Zone,2022,
Bright Vachirawit,Male,27-12-1997,27,Thailand,Internationally recognized for BL and romance dramas.,2gether: The Series,2008,Astrophile (TV Film),2024,
Mook Worranit,Female,09-10-1996,28,Thailand,Actress-singer known for romantic roles.,Ugly Duckling Series,2024,Senior,1989,
Gulf Kanawut,Male,04-12-1997,27,Thailand,Idol star who gained fame through BL series.,TharnType: The Series,2025,You Are My Heartbeat,2004,
Aom Sushar,Female,09-01-1988,37,Thailand,Thai actress who starred in Thai and international remakes.,"Full House Thai, Kiss Me",TBA,Yes or No,TBA,
Nanon Korapat,Male,06-03-2000,25,Thailand,Rising star known for complex teenage roles.,"The Gifted, Bad Buddy",2003,My Precious,1956,
June Plearnpichaya,Female,04-07-2000,24,Thailand,Multi-talented singer-actress in teen dramas.,Boy for Rent,2009,Great Men Academy,2004,
Tay Tawan,Male,20-07-1991,33,Thailand,Popular for BL dramas and hosting roles.,Dark Blue Kiss,2005,I Sea U,2003,
Puff Kuo,Female,30-06-1988,36,Taiwan,Idol-actress known for charming comedic roles.,"Just You, Refresh Man",1999,Secret Fruit,2020,
Jasper Liu,Male,12-08-1986,38,Taiwan,Model-turned-actor with a global fanbase.,"Before We Get Married, Triad Princess",1989,Take Me to the Moon,1988,
Ivy Shao,Female,30-09-1992,32,Taiwan,Known for youthful and romantic series.,The Perfect Match,1987,More than Blue,20025,
Marcus Chang,Male,28-05-1983,41,Taiwan,Gained popularity through emotional romantic roles.,Behind Your Smile,2002,Café Waiting Love,2024,
Annie Chen,Female,28-04-1989,36,Taiwan,Known for refreshing romantic comedies.,"Love Now, Love Around",2025,The Outsiders,2023,
Greg Hsu,Male,31-10-1990,34,Taiwan,Acclaimed for his role in youth and time-travel series.,Someday or One Day,TBA,My Love,2001,
Joanne Tseng,Female,17-11-1988,36,Taiwan,Singer-actress popular in rom-com dramas.,"Marry Me, Refresh Man",TBA,One Day,2000,
Fandy Fan,Male,04-11-1993,31,Taiwan,Breakout star in both film and TV.,HIStory 3: Trapped,2020,We Are Champions,1999,https://i.mydramalist.com/WPrb8l_5c.jpg
Esther Yeh,Female,18-06-1990,34,Taiwan,Famous for romantic and lighthearted shows.,Love @ Seventeen,2019,Summer’s Tail,2023,https://pbs.twimg.com/media/FFsTU83XEAMqWui.jpg:large
Ren Meguro,Male,22-09-1999,25,Japan,"A Japanese idol and actor, Ren gained massive popularity through his role in romantic dramas and as a member of Snow Man.","Silent, Umi NO Hajimari, My Love Mix-up",2025,My Happy Marriage,2013,https://encrypted-tbn0.gstatic.com/images?q=tbn:ANd9GcQAPH0Vd4OHXAdMMjjxRFP2WDixczRXfbpERg&s
Kim Yoo Jung,Female,16-11-1991,33,Korea,A beloved South Korean actress known for her childhood roles and graceful transition into romantic and historical dramas.,"My Demon, Backstreet Rookie",2023,20st Century Girl ,2014,https://static.wikia.nocookie.net/the-dramas/images/e/e3/Kim_Yoojung_-_Profile.png/revision/latest/thumbnail/width/360/height/360?cb=20240313045746
Park Hyung Sik,Male,16-12-1988,36,Korea,"An all-rounder actor and singer, admired for his roles in ""Strong Woman Do Bong Soon"" and as a member of ZE:A.","Doctor Slump, Strong Woman Do Bong Soon, The Buried Hearts",2025,Juror 8,2019,https://i.mydramalist.com/zB2qq1_5f.jpg
Park Seo Joon,Male,06-11-1981,43,Korea,A top-tier Hallyu actor known for his charismatic performances in rom-coms and thrillers.,"What's Wrong With Secretary Kim, Fight For My Way",2021,"Midnight Runners, Concrete Utopia","2017, 2023",https://encrypted-tbn0.gstatic.com/images?q=tbn:ANd9GcTU0f2G59OUT4T12G2ee7oZQh_uBDSfpi6xZg&s
Lee Dong Wook,Male,16-06-1993,32,Korea,"Known for his iconic role in ""Goblin"", Lee brings depth and maturity to every role he plays.","Tale of Nine Tailed, The Nice Guy",2000,"The Beauty Inside, Single in Seoul","2015, 2023",https://i.mydramalist.com/jQQJvv_5c.jpg
Park Bogum,Male,18-02-1990,35,Korea,"A charming and talented actor celebrated for his emotional depth in ""Reply 1988"" and ""Love in the Moonlight"".","When Life Give You Tangerines, Good Boy",1987,"Coin Locker Girl, Seo Bok","2015, 2021",https://i.mydramalist.com/ABWwYZ_5c.jpg
Park Shin Hye,Female,31-10-1991,33,Korea,"One of Korea’s most enduring actresses, known for her versatility and iconic dramas like ""The Heirs"".",Judge From Hell,1984,"#Alive, Miracle: Letters to the President","2020, 2021",https://preview.redd.it/hkf6er0q0yj91.jpg?width=300&format=pjpg&auto=webp&s=8da2b29ba83279b9c1e8726be6cc5158338b65bf
Byeon Woo Seok,Male,15-04-1996,29,Korea,A rising star who captivated audiences with his touching role in “Lovely Runner”.,Lovely Runner,2024,20st Century Girl ,TBA,https://i.mydramalist.com/l0ZORJ_5c.jpg
Yiran Zhou,Male,07-08-1998,27,China,A graceful Chinese actress known for her elegant presence in youth and fantasy dramas.,"When I Fly Towards You, You Are My Glory","2023, 2021",A Little Red Flower,2020,https://i.mydramalist.com/3oxmrd_5c.jpg
Zhang Miaoyi,Female,14-12-1996,28,China,A charming C-drama actress with standout performances in modern romantic series.,Time and Him Are Just Right,2022,Autumn Fairy Tale,2023,https://i.mydramalist.com/pdBrXe_5f.jpg
Zhang Ruonan,Female,02-03-2001,24,China,"With her sweet visuals, she's captured hearts in melodramatic and coming-of-age Chinese series.","Everyone Wants to Meet You, I Don't Want To Be Friends With You","2020, 2020",Love Will Tear Us Apart,2021,https://i.mydramalist.com/DkmWqN_5_c.jpg
Pond ,Male,05-07-2003,22,Thailand,"A Thai actor known for his warm roles in romantic BL dramas, gaining a strong international fanbase.","Never Let Me Go, Fish Upon the Sky","2022, 2021",The Sign of Love,2024,https://i.pinimg.com/736x/e2/a9/af/e2a9afee3d1d066c8f339663ec2a27fd.jpg
Phuwin,Male,10-08-1998,27,Thailand,A young Thai actor admired for his emotional range and chemistry with co-stars in hit BL dramas.,"The Warp Effect, Fish Upon the Sky","2023, 2021",Ghost Project,2023,https://i.namu.wiki/i/hS9Q8Ailzz-x29kZDZo2g1HBJffmV5k-fZVCZ6PLUg4bPx8D9Q1sk2vjo5iAyQ1F-7R6G8Z_FuI3wsBRYih38g.webp
Zee,Male,09-04-1999,26,Thailand,A versatile Thai actor recognized for his intense roles and loyal fan following.,"Cutie Pie, Why R U?","2022, 2020",The Eclipse: The Movie,2024,https://i.mydramalist.com/d04eoW_5c.jpg
New,Male,11-01-1997,28,Thailand,Gained attention for his playful charm and heartfelt performances in Thai series.,"Cutie Pie, Middleman's Love","2022, 2023",Red Sky,2021,https://i.mydramalist.com/pdOErb_5f.jpg
Cooheart,Male,27-12-1996,28,Thailand,A lesser-known talent with rising popularity in the Thai entertainment scene.,Love Syndrome III,2023,Under the Rainbow,2023,https://i.mydramalist.com/g0RlkX_5f.jpg
Santa,Male,20-03-2001,24,Thailand,Loved for his gentle expressions and strong screen presence in fan-favorite BL series.,"My Only 12%, Bake Me Please","2022, 2023",Between Us: The Movie,2024,https://i.mydramalist.com/kAJybj_5c.jpg
Perth,Male,12-05-1995,30,Thailand,"Famous for his role in ""Love by Chance"", he’s become a staple in the Thai BL genre.","Love By Chance, The Stranded","2018, 2019",Dew,2019,https://static.wikia.nocookie.net/gmmtv/images/4/43/Perth_Tanapon_Sukumpantanasan_GMMTV_2023.png/revision/latest/scale-to-width-down/250?cb=20231208030046
Thomas,Male,17-06-1998,27,Thailand,A Thai actor growing in popularity for his charismatic screen appeal.,My School President,2022,A Tale of Thousand Stars: Special Film,2023,https://i.mydramalist.com/jQ2vKB_5f.jpg
Kong,Male,08-01-1997,28,Thailand,"Known for supporting roles, Kong brings humor and reliability to Thai series.",Check Out,2022,Kiss Me Again: The Final Cut,2022,https://i.mydramalist.com/0wp3Pk_5c.jpg
Force ,Male,25-02-1996,29,Thailand,An expressive actor gaining attention for his roles in youth romance Thai dramas.,"Enigma, Only Friends","2023, 2023",ForceBook: Parallel,2023,https://i.mydramalist.com/k2ZA8_5f.jpg
Book,Male,01-04-2002,23,Thailand,"Often seen paired with Force, Book is praised for his emotionally grounded acting.","Enigma, Only Friends","2023, 2023",ForceBook: Parallel,2023,https://static.wikia.nocookie.net/gmmtv/images/3/38/Book_Kasidet_Plookphol_GMMTV_2025.png/revision/latest?cb=20250103050550
Fort ,Male,03-09-2001,23,Thailand,An emerging actor who’s quickly gaining fans with his performances in BL and youth series.,Love in Translation,2023,Cutie Pie: The Beginning,2023,https://encrypted-tbn0.gstatic.com/images?q=tbn:ANd9GcR5QWtnNlM-7UwrJR7OI9Ymnyje4-PxM0TklQ&s
Peat,Male,19-06-1997,28,Thailand,Known for his boy-next-door vibe and fresh performances in Thai TV.,Love Syndrome III,2023,Love Mechanics: The Final Story,2023,https://i.mydramalist.com/QJjkN5_5c.jpg
Boss,Male,20-10-1993,31,Thailand,Gaining traction for his engaging acting and growing number of lead roles.,Love in Translation,2023,The School Tale,2022,https://aphrodite.gmanetwork.com/entertainment/photos/photo/luvcon__thai_actor_boss_chaikamon_set_to_serenade_the_boss_1707278556.jpg
Gun ,Male,23-06-1991,34,Thailand,"A veteran of the Thai BL industry, Gun is loved for his unique acting style and chemistry with Off.","Theory of Love, Not Me","2019, 2021",Gifted,2018,https://i.mydramalist.com/73Z82D_5f.jpg
Off,Male,30-01-1993,32,Thailand,"A multi-talented actor and performer, Off has a wide range in both serious and comedic roles.","Theory of Love, Not Me","2019, 2021",Senior Secret Love: The Movie,2017,https://static.wikia.nocookie.net/gmmtv/images/a/a8/Off_Jumpol_Adulkittiporn_GMMTV_2024.png/revision/latest?cb=20231222200149
New,Male,21-03-1995,30,Thailand,"A charming presence in GMMTV’s roster, known for his cool and composed characters.","Dark Blue Kiss, Cherry Magic Thailand","2019, 2024",En of Love: Short Film,2022,https://i.mydramalist.com/YYnq3Q_5c.jpg
Jeff,Male,18-07-2000,25,Thailand,Gaining attention for his soft vocals and gentle characters in romantic dramas.,"Vice Versa, KinnPorsche","2022, 2022",Make Me Shudder,2013,https://encrypted-tbn0.gstatic.com/images?q=tbn:ANd9GcS7E2k2hE2bGfD9_8SjQpVNM7SzZhrm2PyQmw&s
Ohm,Male,01-02-2001,24,Thailand,Popular among younger audiences for his boyish charm and dramatic roles.,"Bad Buddy, 10 Years Ticket","2021, 2022",Midnight Series Special,2024,https://i.mydramalist.com/X0dBp_5f.jpg
Mark Pakin Kuna,Male,05-03-2001,24,Thailand,A rising Thai star known for his youthful appearance and strong performances.,"The Sign, My School President","2023, 2022",Star & Sky: Beyond Moonlight,2023,https://i.mydramalist.com/g0zPgn_5_c.jpg
Joong Archen ,Male,18-10-2004,20,Thailand,"Charismatic and fun-loving, Joong is adored for his emotional expressiveness.","Hidden Agenda, Star and Sky","2023, 2022",Our Days in Love,2024,https://i.mydramalist.com/0w0ryr_5c.jpg
Fourth Nattawat,Male,13-06-2002,23,Thailand,"One of the younger stars, known for his confident roles and powerful delivery.","My School President, Midnight Series: Moonlight Chicken","2022, 2023",Moonlight Romance,2023,https://i.mydramalist.com/RB8P3R_5c.jpg
Gemini Norawit,Male,02-11-2000,24,Thailand,"Paired often with Fourth, Gemini is praised for his smooth acting and great chemistry.","My School President, Our Skyy 2","2022, 2023",Hidden Letters,2023,https://i.mydramalist.com/4ee1Ak_5c.jpg
Dunk Natachai,Male,27-10-1993,31,Thailand,Gaining popularity for his vibrant energy and promising roles in youth series.,Dangerous Romance,2023,Until We Meet Again: The Ending,2020,https://i.mydramalist.com/Z8W0DJ_5f.jpg
Boun Noppanut,Male,15-03-1998,27,Thailand,"Known for mature, nuanced roles, Boun is respected in the Thai BL industry.","Between Us, Until We Meet Again","2022, 2019",Love by Chance: The Last Chapter,2021,https://i.mydramalist.com/rNxNLm_5c.jpg
Prem Warut,Male,09-12-1999,25,Thailand,Loved for his gentle roles and strong fan connection in romantic series.,"Between Us, Until We Meet Again","2022, 2019",Eternal Youth,2023,https://i.mydramalist.com/x4Y4Ly_5c.jpg
Neoul Nuttarat,Male,22-07-1993,32,Thailand,An emerging star with captivating eyes and heartfelt performances.,Love Syndrome III,2023,Stand By Me,2020,https://www.tvtime.com/_next/image?url=https%3A%2F%2Fartworks.thetvdb.com%2Fbanners%2Fv4%2Factor%2F9095128%2Fphoto%2F6300d1a8ab40e.jpg&w=640&q=75
Sam Lin,Male ,28-02-1996,29,Taiwan,A Taiwanese actor well-known in youth-centric dramas with a soft and calm demeanor.,"HIStory3: Make Our Days Count, About Youth","2019, 2022",Farewell My Youth,2022,https://i.mydramalist.com/2woVKR_5c.jpg
Shih Cheng Xuan,Male,13-09-1999,25,Taiwan,A Taiwanese rising actor with strong potential in both romance and thriller genres.,About Youth,2022,When I feel lonely,2023,https://i.mydramalist.com/wJK3Vn_5f.jpg
Choi Yi Hyun,Female,08-12-1999,25,Korea,"Yi Hyun debuted in the entertainment industry with a supporting role in the web drama ""Sweet Revenge"" (2017).","Sweet Revenge, School 2021, Head Over Heels","2017, 2021, 2025",Dr Cheon and Lost Talisam ,2023,https://asianwiki.com/images/4/42/Cho_Yi-Hyun-1999-p1.jpg
Keng Harit Buayoi,Male,,26,Thailand,,,,,,https://www.tvtime.com/_next/image?url=https%3A%2F%2Fartworks.thetvdb.com%2Fbanners%2Fv4%2Factor%2F9122007%2Fphoto%2F665b295d81925.jpg&w=640&q=75
Namping Napatsakorn Pingmuang,Male,,24,Thailand,,,,,,https://static.bangkokpost.com/media/content/20251024/5826097.jpg
Green Ausadaporn Siriwattanakul,Female,,30,Thailand,,,,,,https://encrypted-tbn0.gstatic.com/images?q=tbn:ANd9GcSh27fLAzlIGbfS9eK5Q4GVAwFe311QWFOrww&s
Tle Matimun Sreeboonrueang,Male,,27,Thailand,,,,,,https://img.wattpad.com/63c2fa3c4c5bb981b3d30aa1cf65398a46672882/68747470733a2f2f73332e616d617a6f6e6177732e636f6d2f776174747061642d6d656469612d736572766963652f53746f7279496d6167652f4c6f307667313778556d54666e513d3d2d3339332e313836343834326636396534633161393834313532313636363233372e6a7067
FirstOne Wannakorn Reungrat,Male,,25,Thailand,,,,,,https://image.tmdb.org/t/p/w500/jmUusCVfaXHn8jMK41GCisu90GC.jpg
Pung Phirunwat Promrat,Male,,21,Thailand,,,,,,https://encrypted-tbn0.gstatic.com/images?q=tbn:ANd9GcTN1wpnTXVudBMyM_oVsuoaAKmQoJJlgMP9_Q&s
