Title,Country,Released_Year,Rating,Description,Trailer_URL,Genre,Tags,Image_URL,Status,Duration,Where_to_Watch,Cast,Photos
Parasite,South Korea,2019,8.6,A poor family schemes to become employed by a wealthy household.,https://www.youtube.com/watch?v=5xH0HfJHsaY,Thriller;Drama,satire;class;inequality,https://static.wikia.nocookie.net/the-dramas/images/b/bd/Imageparasite.png/revision/latest?cb=20240625052053,Released,2h 12m,"Netflix, KissKh",Choi Woo Shik,"https://compote.slate.com/images/b2c155b6-de08-495d-a027-78add6cbf06b.jpeg?crop=1560%2C1040%2Cx0%2Cy0, https://miro.medium.com/v2/resize:fit:1200/1*Z6Z8F2dezcemfJ3XFOAB4w.jpeg"
Train to Busan,South Korea,2016,7.6,A father and daughter struggle to survive a zombie outbreak on a train.,https://www.youtube.com/watch?v=pyWuHv2-Abk,Horror;Action,zombie;survival;train,https://static1.moviewebimages.com/wordpress/wp-content/uploads/2023/06/train-to-busan-cast-and-character-guide.jpg?q=70&fit=contain&w=1200&h=628&dpr=1,Released,1h 58m,,,
Your Name,Japan,2016,8.4,Two teenagers swap bodies and form a unique connection.,https://www.youtube.com/watch?v=xU47nhruN-Q,Romance;Fantasy,time-travel;anime;fate,https://rukminim2.flixcart.com/image/704/844/ky7lci80/poster/x/c/b/medium-kimi-no-na-wa-your-name-japanese-anime-movie-matte-finish-original-imagahtyxcfp4r8v.jpeg?q=90&crop=false,Released,1h 46m,,,
Rurouni Kenshin,Japan,2012,7.5,A reformed assassin protects the weak in the Meiji era.,https://www.youtube.com/watch?v=lbDJkVTDnvI,Action;Historical,samurai;sword;redemption,https://image.tmdb.org/t/p/original/rurouni.jpg,Released,2h 14m,,,
The Wandering Earth,China,2019,6,Humanity builds planetary engines to move Earth to a new star system.,https://www.youtube.com/watch?v=Yz2D3iLz8aQ,Sci-Fi;Action,disaster;space;earth-saving,https://image.tmdb.org/t/p/original/wandering.jpg,Released,2h 5m,,,
Better Days,China,2019,7.5,A bullied student and a teenage criminal form a strong bond.,https://www.youtube.com/watch?v=9qIYi6UA5Dg,Drama;Romance,bullying;crime;youth,https://image.tmdb.org/t/p/original/betterdays.jpg,Released,2h 15m,,,
You Are the Apple of My Eye,Taiwan,2011,7.6,A nostalgic coming-of-age love story.,https://www.youtube.com/watch?v=9qzToY3WaXY,Romance;Youth,school;first-love;nostalgia,https://image.tmdb.org/t/p/original/appleeye.jpg,Released,1h 50m,,,
Our Times,Taiwan,2015,7.4,A high school girl recalls her unlikely romance with a gang leader.,https://www.youtube.com/watch?v=4zOLGu1p5FQ,Romance;Comedy,teenage;romance;school,https://image.tmdb.org/t/p/original/ourtimes.jpg,Released,2h 14m,,,
Bad Genius,Thailand,2017,7.6,A genius student devises a scheme to help others cheat exams.,https://www.youtube.com/watch?v=7D4cYkqgAJc,Thriller;Drama,exam;scam;heist,https://image.tmdb.org/t/p/original/badgenius.jpg,Released,2h 10m,,,
Oldboy,South Korea,2003,8.4,Ex-employee imprisoned and seeks vengeance,https://www.youtube.com/watch?v=2HkjrJ6IK5E,Thriller;Mystery,revenge;dark;twist,https://image.tmdb.org/t/p/original/oldboy.jpg,Released,2h,,,
The Handmaiden,South Korea,2016,8.1,Erotic historical thriller with shocking twists,https://www.youtube.com/watch?v=7DcB35k283s *,Thriller;Drama,erotic;psychological;historical,https://image.tmdb.org/t/p/original/handmaiden.jpg,Released,2h 24m *,,,
Burning,South Korea,2018,7.8,Brooding mystery of disappearing youth and tension,—,Drama;Mystery,social;psychological,—,Released,2h 28m *,,,
Spirited Away,Japan,2001,8.6,Girl enters mysterious magical world,https://www.youtube.com/watch?v=ByXuk9QqQkk,Animation;Fantasy,anime;y?kai,https://image.tmdb.org/t/p/original/spirited.jpg,Released,2h 5m,,,
Princess Mononoke,Japan,1997,8.4,Prince caught in war between industrialism and nature,—,Animation;Fantasy,environmental;epic,—,Released,2h 14m *,,,
Audition,Japan,1999,7.3,Widower’s audition leads to horrifying twist,—,Horror;Drama,disturbing;psychological,—,Released,2h 0m,,,
Battle Royale,Japan,2000,7.7,Students fight to death in a dystopian game,—,Action;Thriller,survival;controversial,—,Released,1h 54m,,,
Ghost in the Shell,Japan,1995,7.9,Cyberpunk detective in a high-tech future,—,Sci?Fi;Animation,cyborg;memories,—,Released,1h 23m *,,,
The Twilight Samurai,Japan,2002,8.1,Low-ranking samurai navigates family and honor duties,—,Drama;Romance,samurai;family;honor,—,Released,2h 9m *,,,
Hero,China,2002,7.9,Assassin confronts king in majestic martial-arts duel,—,Action;Historical,wuxia;political,—,Released,1h 43m,,,
Crouching Tiger,China,2000,7.9,Warriors search for stolen sword,—,Action;Fantasy,wuxia;Oscar-winning,—,Released,2h 0m,,,
Ip Man,China,2008,8,Wing Chun master defends his community,—,Action;Biography,martial-arts;based-on-true,—,Released,1h 46m,,,
Our Times,Taiwan,2015,7.4,High school girl recalls romance with gang leader,https://www.youtube.com/watch?v=4zOLGu1p5FQ,Romance;Comedy,school;teenage;romance,https://image.tmdb.org/t/p/original/ourtimes.jpg,Released,2h 14m,,,
Bad Genius,Thailand,2017,7.6,Students cheat exams via high-stakes scheme,https://www.youtube.com/watch?v=7D4cYkqgAJc,Thriller;Drama,exam;scam;heist,https://image.tmdb.org/t/p/original/badgenius.jpg,Released,2h 10m,,,
Brother of the Year,Thailand,2018,6.4,Romantic comedy about sibling rivalry,https://www.youtube.com/watch?v=wytBQx7exU8,Comedy;Romance,sibling;jealousy;love-triangle,https://image.tmdb.org/t/p/original/brotheryear.jpg,Released,2h 5m,,,
Shoplifters,Japan,2018,7.9,A family of small-time crooks take in a child they find outside in the cold.,https://www.youtube.com/watch?v=9382rwoMiRc,Drama;Crime,poverty;family;morality,https://image.tmdb.org/t/p/original/shoplifters.jpg,Released,2h 1m,,,
Confession of Murder,South Korea,2012,7.1,A killer publishes a book years after the statute of limitations expires.,https://www.youtube.com/watch?v=8B9LNeQOqR0,Thriller;Mystery,serial-killer;revenge;media,https://image.tmdb.org/t/p/original/confessionmurder.jpg,Released,1h 59m,,,
Secretly Greatly,South Korea,2013,6.8,North Korean spies live undercover as South Korean citizens.,https://www.youtube.com/watch?v=2cKErMXe5yk,Action;Comedy,espionage;undercover;military,https://image.tmdb.org/t/p/original/secretly.jpg,Released,2h 4m,,,
13 Assassins,Japan,2010,7.6,A group of samurai come together to kill a sadistic lord.,https://www.youtube.com/watch?v=FdcuC0fYvK0,Action;Historical,samurai;honor;mission,https://image.tmdb.org/t/p/original/13assassins.jpg,Released,2h 21m,,,
Us and Them,China,2018,7.5,"Two strangers meet on a train and fall in love, only to be separated.",https://www.youtube.com/watch?v=1mTjCo9eSdQ,Romance;Drama,long-distance;memory;reunion,https://image.tmdb.org/t/p/original/usandthem.jpg,Released,1h 59m,,,
Warriors of the Rainbow,Taiwan,2011,7.5,Indigenous Taiwanese tribes resist Japanese colonization.,https://www.youtube.com/watch?v=O_qyd_4lDsU,War;Historical,rebellion;culture;colonialism,https://image.tmdb.org/t/p/original/rainbowwarrior.jpg,Released,2h 33m,,,
Happy Old Year,Thailand,2019,7.2,A woman tries to declutter her home and confront her past.,https://www.youtube.com/watch?v=xw6hT9GfbGQ,Drama,minimalism;regret;forgiveness,https://image.tmdb.org/t/p/original/happyoldyear.jpg,Released,1h 53m,,,
Departures,Japan,2008,8.1,A cellist becomes a mortician and finds dignity in death.,https://www.youtube.com/watch?v=TaCpIwRwjgc,Drama,death;rituals;life,https://image.tmdb.org/t/p/original/departures.jpg,Released,2h 11m,,,
Silenced,South Korea,2011,8,A teacher uncovers abuse at a school for the hearing-impaired.,https://www.youtube.com/watch?v=zMJQdRMOQyE,Drama;Crime,abuse;corruption;justice,https://image.tmdb.org/t/p/original/silenced.jpg,Released,2h 5m,,,
The Third Murder,Japan,2017,6.7,A lawyer questions whether his client is guilty of murder.,https://www.youtube.com/watch?v=FO3N08mnvB8,Crime;Drama,legal;truth;investigation,https://image.tmdb.org/t/p/original/thirdmurder.jpg,Released,2h 4m,,,
A Sun,Taiwan,2019,7.6,A family's struggles unfold after one son is sent to jail.,https://www.youtube.com/watch?v=v5FQGsdxFqA,Drama,family;forgiveness;growth,https://image.tmdb.org/t/p/original/asun.jpg,Released,2h 36m,,,
One Cut of the Dead,Japan,2017,7.7,A low-budget zombie film gets hijacked by real zombies.,https://www.youtube.com/watch?v=4wBsdN2gkLQ,Horror;Comedy,zombie;meta;film,https://image.tmdb.org/t/p/original/onecutofthedead.jpg,Released,1h 36m,,,
The Man from Nowhere,South Korea,2010,7.8,A mysterious man goes on a violent mission to save a girl.,https://www.youtube.com/watch?v=38rPoGSr19U,Action;Thriller,rescue;undercover;child,https://image.tmdb.org/t/p/original/manfromnowhere.jpg,Released,1h 59m,,,
House of Flying Daggers,China,2004,7.5,Two officers investigate a rebel group during the Tang Dynasty.,https://www.youtube.com/watch?v=A4LqAf3sG6I,Action;Romance,martial-arts;rebellion;betrayal,https://image.tmdb.org/t/p/original/flyingdaggers.jpg,Released,1h 59m,,,
The Blue Hour,Thailand,2015,6,A teenager meets a mysterious boy at an abandoned pool.,https://www.youtube.com/watch?v=shRX-H5PgmA,Drama;Mystery,lgbt;ghost;abandonment,https://image.tmdb.org/t/p/original/bluehour.jpg,Released,1h 37m,,,
Little Big Women,Taiwan,2020,7.3,A family gathers to mourn a long-absent father.,https://www.youtube.com/watch?v=zUqicuj2cQY,Drama;Family,grief;secrets;family,https://image.tmdb.org/t/p/original/littlebigwomen.jpg,Released,2h 3m,,,
Burning,South Korea,2018,7.5,A young man gets involved with a mysterious rich rival.,https://www.youtube.com/watch?v=J7FdvnaPGb4,Mystery;Drama,jealousy;psychological;class,https://image.tmdb.org/t/p/original/burning.jpg,Released,2h 28m,,,
"My Tomorrow, Your Yesterday",Japan,2016,7.4,A boy falls in love with a girl who’s moving backward through time.,https://www.youtube.com/watch?v=Un9Zcd7KqaI,Romance;Fantasy,time-travel;destiny;love,https://image.tmdb.org/t/p/original/mytomorrow.jpg,Released,1h 51m,,,
Youth,China,2017,6.8,A troupe of young dancers experience war and love in the 1970s.,https://www.youtube.com/watch?v=xqUHzV6xGxE,Drama;Historical,art;military;coming-of-age,https://image.tmdb.org/t/p/original/youthchina.jpg,Released,2h 16m,,,
The Medium,Thailand,2021,6.6,A shaman’s niece becomes possessed in a documentary-style horror.,https://www.youtube.com/watch?v=YmX5K1LrB1A,Horror,possession;ritual;documentary,https://image.tmdb.org/t/p/original/themedium.jpg,Released,2h 11m,,,
A Taxi Driver,South Korea,2017,8,A cab driver gets involved in the Gwangju Uprising.,https://www.youtube.com/watch?v=JxOaYJ4IPTM,Drama;History,protest;journalist;true-story,https://image.tmdb.org/t/p/original/taxidriver.jpg,Released,2h 17m,,,
1987: When the Day Comes,South Korea,2017,7.8,Students and citizens fight against a dictatorship.,https://www.youtube.com/watch?v=Fj40g8NHDnA,Drama;Political,democracy;student;rebellion,https://image.tmdb.org/t/p/original/1987.jpg,Released,2h 9m,,,
"Secretly, Greatly",South Korea,2013,6.8,North Korean spies live undercover in a small town.,https://www.youtube.com/watch?v=sSHnnJ7J3rI,Action;Comedy,spy;undercover;mission,https://image.tmdb.org/t/p/original/secretly.jpg,Released,2h 4m,,,
The Admiral: Roaring Currents,South Korea,2014,7.1,Naval hero Yi Sun-sin leads 12 ships against 300 Japanese vessels.,https://www.youtube.com/watch?v=TWBf5Z3XdT8,Action;History,naval-battle;epic;war,https://image.tmdb.org/t/p/original/admiral.jpg,Released,2h 6m,,,
Confession of Murder,South Korea,2012,7,A detective confronts a man who claims to be a serial killer.,https://www.youtube.com/watch?v=I5_Uf3jYwbk,Thriller;Crime,serial-killer;justice,https://image.tmdb.org/t/p/original/confession.jpg,Released,1h 59m,,,
I Am a Hero,Japan,2015,6.8,A manga artist must survive a zombie outbreak in Tokyo.,https://www.youtube.com/watch?v=Qe2vUiw1Ibk,Horror;Action,zombie;survival;apocalypse,https://image.tmdb.org/t/p/original/iamahero.jpg,Released,2h 6m,,,
Shoplifters,Japan,2018,7.9,A poor family survives through petty theft and deep emotional bonds.,https://www.youtube.com/watch?v=9382rwoMiRc,Drama,poverty;family;bonding,https://image.tmdb.org/t/p/original/shoplifters.jpg,Released,2h 1m,,,
Battle Royale,Japan,2000,7.6,Students are forced into a deadly survival game by the government.,https://www.youtube.com/watch?v=Y-T7yPJVvXw,Action;Thriller,dystopia;battle;survival,https://image.tmdb.org/t/p/original/battleroyale.jpg,Released,1h 54m,,,
13 Assassins,Japan,2010,7.6,Samurai band together to assassinate an evil lord.,https://www.youtube.com/watch?v=NgPC74-Tde8,Action;Historical,samurai;assassin;honor,https://image.tmdb.org/t/p/original/13assassins.jpg,Released,2h 21m,,,
Confessions,Japan,2010,7.7,A teacher takes revenge after her daughter's tragic death.,https://www.youtube.com/watch?v=ixX2UuT2G-o,Thriller;Psychological,revenge;teacher;students,https://image.tmdb.org/t/p/original/confessionsjapan.jpg,Released,1h 46m,,,
The Eight Hundred,China,2020,6.7,Chinese soldiers defend a warehouse during the Japanese invasion.,https://www.youtube.com/watch?v=gR9LfggJgq4,War;Drama,resistance;WWII;heroism,https://image.tmdb.org/t/p/original/eighthundred.jpg,Released,2h 29m,,,
Shadow,China,2018,7,A general uses a double to outmaneuver political enemies.,https://www.youtube.com/watch?v=AGetemRDuVY,Action;Drama,double;warfare;strategy,https://image.tmdb.org/t/p/original/shadow.jpg,Released,1h 56m,,,
The Captain,China,2019,6.1,A commercial pilot saves lives during an emergency flight.,https://www.youtube.com/watch?v=7LiaF6rR4As,Thriller;Drama,aviation;disaster;heroism,https://image.tmdb.org/t/p/original/thecaptain.jpg,Released,1h 51m,,,
Secret,Taiwan,2007,7.5,A piano student discovers a mysterious score linked to time travel.,https://www.youtube.com/watch?v=1wtPp5Zp-WA,Romance;Fantasy,music;secret;love,https://image.tmdb.org/t/p/original/secret.jpg,Released,1h 42m,,,
More than Blue,Taiwan,2018,7.7,A terminally ill man hides his feelings to protect the woman he loves.,https://www.youtube.com/watch?v=9yQY7HnGyz0,Romance;Melodrama,sacrifice;illness;love,https://image.tmdb.org/t/p/original/morethanblue.jpg,Released,1h 45m,,,
Detention,Taiwan,2019,6.6,A girl trapped in a school haunted by ghosts during martial law.,https://www.youtube.com/watch?v=UKgkjoVj0WE,Horror;Thriller,ghost;school;political,https://image.tmdb.org/t/p/original/detention.jpg,Released,1h 43m,,,
Pee Mak,Thailand,2013,7.3,A man returns home from war to his ghost wife.,https://www.youtube.com/watch?v=KjMJUXM_o4o,Horror;Comedy,ghost;love;folklore,https://image.tmdb.org/t/p/original/peemak.jpg,Released,1h 52m,,,
Nang Nak,Thailand,1999,6.9,"Based on Thai folklore, a woman awaits her husband unaware she's a ghost.",https://www.youtube.com/watch?v=1AT0aZyOwiI,Horror;Romance,ghost;legend;love,https://image.tmdb.org/t/p/original/nangnak.jpg,Released,1h 40m,,,
The Medium,Thailand,2021,6.7,A shaman's family faces a terrifying possession.,https://www.youtube.com/watch?v=_Z0I6xV_yVc,Horror;Mystery,possession;ritual;shaman,https://image.tmdb.org/t/p/original/medium.jpg,Released,2h 10m,,,
One for the Road,Thailand,2021,6.9,A dying man and his friend revisit people from their past.,https://www.youtube.com/watch?v=8MeJS7ETrXY,Drama;Road-movie,friendship;farewell;journey,https://image.tmdb.org/t/p/original/onefortheroad.jpg,Released,2h 16m,,,
My Happy Marriage,Japan,2023,7.3,"In a world of arranged marriages and supernatural powers, a mistreated girl finds unexpected love.",https://www.youtube.com/watch?v=oy4CBt4TfCs,Romance;Fantasy,arranged-marriage;supernatural;healing,https://image.tmdb.org/t/p/original/myhappymarriage.jpg,Released,1h 55m,,,
20th Century Girl,South Korea,2022,7.3,"A teenager in 1999 keeps tabs on a boy for her best friend, only to fall for him herself.",https://www.youtube.com/watch?v=2ZMLH5Y7Ysg,Romance;Drama,first-love;nostalgia;friendship,https://image.tmdb.org/t/p/original/20thcenturygirl.jpg,Released,1h 59m,,,
Semantic Error,South Korea,2022,7.8,A rule-abiding computer science student finds his world upended by a creative design major.,https://www.youtube.com/watch?v=xu0g97xfTmc,Romance;LGBTQ+,opposites-attract;campus;bl,https://image.tmdb.org/t/p/original/semanticerror.jpg,Released,1h 53m,,,
Decision to Leave,South Korea,2022,7.4,A detective investigating a man's death in the mountains meets the dead man's mysterious wife.,https://www.youtube.com/watch?v=KcIqL3fGQGs,Mystery;Romance,murder;detective;obsession,https://image.tmdb.org/t/p/original/decisiontoleave.jpg,Released,2h 18m,,,
Drive My Car,Japan,2021,7.6,A widowed actor hires a reserved young woman as his chauffeur and forms an unlikely bond.,https://www.youtube.com/watch?v=6BPKPb_RTwI,Drama,grief;healing;literature,https://image.tmdb.org/t/p/original/drivemycar.jpg,Released,2h 59m,,,
Better Days,China,2019,7.5,A bullied high school girl and a street youth form a bond amid a murder investigation.,https://www.youtube.com/watch?v=h5dYvK2E8RU,Drama;Crime,bullying;youth;romance,https://image.tmdb.org/t/p/original/betterdays.jpg,Released,2h 15m,,,
Bad Genius,Thailand,2017,7.6,A top student devises a cheating scheme for profit in international exams.,https://www.youtube.com/watch?v=bdN6mjZdkAs,Thriller;Drama,cheating;students;heist,https://image.tmdb.org/t/p/original/badgenius.jpg,Released,2h 10m,,,
Secret,Taiwan,2007,7.5,A piano student discovers a mysterious melody that alters time and fate.,https://www.youtube.com/watch?v=nDOjz8pER0I,Romance;Fantasy,time-travel;music;school,https://image.tmdb.org/t/p/original/secret.jpg,Released,1h 43m,,,
Burning,South Korea,2018,7.1,A young man gets entangled with a mysterious woman and her enigmatic friend.,https://www.youtube.com/watch?v=oihHs2Errwk,Mystery;Drama,jealousy;class;disappearance,https://image.tmdb.org/t/p/original/burning.jpg,Released,2h 28m,,,
Shoplifters,Japan,2018,8,A family of small-time crooks take in a child they find on the street.,https://www.youtube.com/watch?v=9382rwoMiRc,Drama,poverty;family;crime,https://image.tmdb.org/t/p/original/shoplifters.jpg,Released,2h 1m,,,
The Wandering Earth,China,2019,6,"As the sun dies, people build thrusters to move Earth to a new star system.",https://www.youtube.com/watch?v=4nX6CBA8hrM,Sci-Fi;Adventure,space;disaster;survival,https://image.tmdb.org/t/p/original/wanderingearth.jpg,Released,2h 5m,,,
Brother of the Year,Thailand,2018,7,A rivalry between a brother and his sister’s boyfriend leads to chaos.,https://www.youtube.com/watch?v=xgSwc1sUEyo,Comedy;Romance,siblings;rivalry;family,https://image.tmdb.org/t/p/original/brotheroftheyear.jpg,Released,2h 5m,,,
Detention,Taiwan,2019,6.5,"In 1960s Taiwan, two students are trapped in a haunted school with dark secrets.",https://www.youtube.com/watch?v=LLcQ5E7rh9k,Horror;Thriller,ghosts;politics;school,https://image.tmdb.org/t/p/original/detention.jpg,Released,1h 42m,,,
A Taxi Driver,South Korea,2017,8,A taxi driver unknowingly becomes involved in a historical uprising.,https://www.youtube.com/watch?v=J4Ltq1jYCyQ,Drama;History,journalism;protest;based-on-true-story,https://image.tmdb.org/t/p/original/taxidriver.jpg,Released,2h 17m,,,
Weathering With You,Japan,2019,7.5,A boy runs away to Tokyo and meets a girl who can manipulate the weather.,https://www.youtube.com/watch?v=Q6iK6DjV_iE,Animation;Fantasy,weather;romance;supernatural,https://image.tmdb.org/t/p/original/weathering.jpg,Released,1h 52m,,,
The Eight Hundred,China,2020,6.7,"Based on true events, Chinese soldiers hold a warehouse against the Japanese army.",https://www.youtube.com/watch?v=tv6X3GzKbcs,War;Drama,ww2;china;japan,https://image.tmdb.org/t/p/original/eighthundred.jpg,Released,2h 29m,,,
The Medium,Thailand,2021,6.7,A documentary team follows a shaman in Thailand as she experiences strange occurrences.,https://www.youtube.com/watch?v=YyJmoRhv1bo,Horror;Mystery,shaman;possession;found-footage,https://image.tmdb.org/t/p/original/themedium.jpg,Released,2h 11m,,,
You Are the Apple of My Eye,Taiwan,2011,7.6,A nostalgic look at high school days and first love.,https://www.youtube.com/watch?v=nL4p0Xwbv5o,Romance;Drama,coming-of-age;high-school;nostalgia,https://image.tmdb.org/t/p/original/appleofmyeye.jpg,Released,1h 50m,,,
Exit,South Korea,2019,7,A jobless man tries to save his family from a poisonous gas outbreak using climbing skills.,https://www.youtube.com/watch?v=AWN3m5wKHGA,Action;Comedy,disaster;escape;family,https://image.tmdb.org/t/p/original/exit.jpg,Released,1h 43m,,,
"Josee, the Tiger and the Fish",Japan,2020,7.7,A college student meets a wheelchair-bound girl with dreams of seeing the ocean.,https://www.youtube.com/watch?v=K6vuM3VZk3w,Romance;Animation,disability;dreams;connection,https://image.tmdb.org/t/p/original/josee.jpg,Released,1h 38m,,,
Soul Mate,China,2016,7.3,"Two childhood friends face love, rivalry, and the trials of adulthood.",https://www.youtube.com/watch?v=msf3Hqd0dXc,Drama;Romance,friendship;jealousy;growing-up,https://image.tmdb.org/t/p/original/soulmate.jpg,Released,1h 50m,,,
The White Storm,China,2013,6.7,"A narcotics operation goes wrong, straining the bond between three friends.",https://www.youtube.com/watch?v=0pTSK-iDVZc,Action;Crime,drugs;brotherhood;betrayal,https://image.tmdb.org/t/p/original/whitestorm.jpg,Released,2h 20m,,,
Happy Old Year,Thailand,2019,7.2,"A woman tries to declutter her home and life, confronting her past in the process.",https://www.youtube.com/watch?v=_rOzXGHy8j8,Drama,minimalism;past;closure,https://image.tmdb.org/t/p/original/happyoldyear.jpg,Released,1h 53m,,,
Burning,South Korea,2018,7.5,A young man's life changes when his childhood friend returns with a secret.,https://youtu.be/Ivvy2VdJU0A,"Mystery, Drama","Psychological, Slow Burn",https://i.imgur.com/sB0ZMQZ.jpg,Released,148 minutes,,,
Forgotten,South Korea,2017,7.6,A man uncovers a dark truth about his brother’s mysterious abduction.,https://youtu.be/9M3CixzZT6g,"Thriller, Mystery","Amnesia, Suspense",https://i.imgur.com/W1gN5Lt.jpg,Released,108 minutes,,,
Weathering with You,Japan,2019,7.5,A boy runs away to Tokyo and meets a girl who can manipulate the weather.,https://youtu.be/Q6iK6DjV_iE,"Animation, Fantasy","Romance, Nature",https://i.imgur.com/wY4F55I.jpg,Released,112 minutes,,,
Ride Your Wave,Japan,2019,7.2,"A surfer and a firefighter fall in love, but tragedy strikes.",https://youtu.be/pbDxUaWBdL8,"Romance, Fantasy","Water, Healing",https://i.imgur.com/BJ7n7y5.jpg,Released,96 minutes,,,
The Eight Hundred,China,2020,6.7,"Based on true events, Chinese soldiers defend a warehouse during a battle.",https://youtu.be/kPJ4zK6gpp4,"War, Drama","Historical, Epic",https://i.imgur.com/BNW8RJr.jpg,Released,147 minutes,,,
Soul Snatcher,China,2020,6.1,A fox spirit seeks immortality through a human soul.,https://youtu.be/1pYrxbwWqXE,"Fantasy, Adventure","Mythology, Friendship",https://i.imgur.com/8d1FmsZ.jpg,Released,123 minutes,,,
Your Name Engraved Herein,Taiwan,2020,7.3,Two high school boys fall in love amidst social unrest.,https://youtu.be/yIWp1Jg1X8w,"Romance, LGBTQ+","Coming of Age, Historical",https://i.imgur.com/VrJsmLj.jpg,Released,114 minutes,,,
Detention,Taiwan,2019,6.6,Students trapped in a haunted school must face their past.,https://youtu.be/pXBHteq_3EM,"Horror, Thriller","Ghosts, Politics",https://i.imgur.com/KD1du6Z.jpg,Released,103 minutes,,,
Bad Genius,Thailand,2017,7.6,A genius student devises an exam-cheating scheme.,https://youtu.be/oUpgR5pKEmw,"Thriller, Heist","School, Crime",https://i.imgur.com/HkzGEPG.jpg,Released,130 minutes,,,
The Medium,Thailand,2021,6.7,A documentary crew films a shaman’s possession case gone horribly wrong.,https://youtu.be/r4lFAeW3nAw,"Horror, Supernatural","Mockumentary, Possession",https://i.imgur.com/vVzIli1.jpg,Released,131 minutes,,,
A Taxi Driver,South Korea,2017,8,A taxi driver unintentionally becomes involved in political unrest.,https://youtu.be/7EsYLRGkbsQ,"Drama, History",Based on True Story,https://i.imgur.com/LNJfZY9.jpg,Released,137 minutes,,,
The Handmaiden,South Korea,2016,8.1,A con woman becomes a handmaiden to a Japanese heiress.,https://youtu.be/whldChqCsYk,"Thriller, Romance","Psychological, LGBTQ+",https://i.imgur.com/SpwNNKH.jpg,Released,144 minutes,,,
"Josee, the Tiger and the Fish",Japan,2020,7.6,A university student cares for a wheelchair-bound girl with dreams.,https://youtu.be/kDhptBT_-VI,"Romance, Slice of Life","Disability, Growth",https://i.imgur.com/sjK5bU2.jpg,Released,98 minutes,,,
Call,South Korea,2020,7.1,Two women from different times are connected through a mysterious phone.,https://youtu.be/FExV4i6koL4,"Thriller, Sci-fi","Time Travel, Suspense",https://i.imgur.com/lTY2vLk.jpg,Released,112 minutes,,,
Alienoid: Part 2,South Korea,2025,8.1,Continuation of time-travel sci-fi saga involving aliens and ancient Korea,—,"Sci-Fi, Action","Time Travel, Epic",https://1.vikiplatform.com/c/40578c/c5610687b7.jpg?x=b,Ongoing,142 min,,,
Harbin,South Korea,2025,0,Spy-action movie set during Japanese colonial era,—,"Action, Drama","Historical, Spy",—,Upcoming,TBA,,,
Wonderland,South Korea,2025,0,A virtual world to meet loved ones through AI simulation,—,"Sci-Fi, Romance","AI, Fantasy",https://occ-0-8407-92.1.nflxso.net/dnm/api/v6/Qs00mKCpRvrkl3HZAN5KwEL1kpE/AAAABWuPXgNONAv53YKo7mnRlD5UVD5fHkwoF53biT6EgAG02wD1zEMqhyu9OblMBwlSfDlPvNLFYbRwGB-NIUpRVnPodQFC-ucB9A4DPxZ2wViArDe6cWdibmLBU-RxMD38Bj62ow.webp?r=4e5,Upcoming,TBA,,,
The Match,South Korea,2025,0,Go game rivalry between two legendary players,—,Drama,"Biopic, Sports",—,Upcoming,TBA,,,
Spring in Seoul,South Korea,2025,0,Political thriller centered around a true incident,—,Thriller,"Politics, Mystery",—,Upcoming,TBA,,,
Godzilla x Kong: New Empire,Japan,2025,7.3,The legendary monsters team up for a new threat,—,"Action, Sci-Fi","Monster, Epic",—,Ongoing,115 min,,,
Detective Conan: The Million Dollar Pentagram,Japan,2025,7.9,Conan solves a heist and murder mystery involving ancient treasure,—,"Mystery, Anime","Heist, Detective",—,Ongoing,110 min,,,
Kingdom: Flame of Destiny,Japan,2025,0,Third installment of historical Kingdom movie,—,"Action, History","Warring States, Samurai",—,Upcoming,TBA,,,
Golden Kamuy,Japan,2025,7.2,Based on manga set in post-Russo-Japanese war Hokkaido,—,"Action, Drama","Survival, Historical",—,Ongoing,126 min,,,
Whisper of the Heart 2,Japan,2025,0,Live-action sequel of classic anime tale,—,"Romance, Slice","Youth, Nostalgia",—,Upcoming,TBA,,,
My Heavenly City,China,2025,0,Fantasy-romance drama starring Angelababy,—,"Romance, Fantasy",Urban Fantasy,—,Upcoming,TBA,,,
Pegasus 2,China,2025,0,Sequel to street racing comedy Pegasus,—,"Comedy, Action","Racing, Comeback",—,Upcoming,TBA,,,
The Legend of Hei 2,China,2025,0,Animation film with fantasy creatures,—,Animation,"Fantasy, Adventure",—,Upcoming,TBA,,,
Ba Bai: Part 2,China,2025,0,Continuation of epic WWII resistance film,—,"War, Action","Resistance, History",—,Upcoming,TBA,,,
Sword Art Online: Last Recollection,Japan,2025,0,New animated film in SAO universe,—,"Action, Anime","VR, Dystopia",—,Upcoming,TBA,,,
Face of Anne 2,Thailand,2025,0,Psychological horror sequel,—,"Horror, Thriller","Identity, Mystery",—,Upcoming,TBA,,,
Love Destiny: The Movie,Thailand,2025,0,Time travel romantic saga based on drama,—,"Romance, Fantasy","Historical, Soulmate",—,Ongoing,120 min,,,
Bangkok Love Stories: Rebirth,Thailand,2025,0,Reboot of popular interconnected romance stories,—,"Romance, Drama","Urban Love, Ensemble",—,Upcoming,TBA,,,
Secret Garden (TW),Taiwan,2025,0,Sci-fi mystery about memory transplants,—,"Sci-Fi, Drama","Tech Thriller, Psychology",—,Upcoming,TBA,,,
Lovers and Thieves,Taiwan,2025,0,A heist romance with a noir setting,—,"Crime, Romance","Heist, Betrayal",—,Upcoming,TBA,,,
Harbin,South Korea,2025,0,Spy action film set in 1909 about Korean independence fighters.,NA,"Action, History","Independence, Spy",NA,Upcoming,NA,,,
Baby,Japan,2023,7.6,A young man forms an unexpected bond with a baby in his care.,NA,Drama,"Family, Youth",NA,Completed,97 min,,,
The Moon,South Korea,2023,7.4,"Astronaut stranded in space, and efforts to bring him back to Earth.",NA,"Sci-Fi, Drama","Space, Rescue",NA,Completed,129 min,,,
Lost in the Stars,China,2023,8.1,"A woman disappears, her husband finds a stranger claiming to be her.",NA,"Thriller, Mystery","Identity, Crime",NA,Completed,121 min,,,
Devil's Deal,South Korea,2023,7.5,A politician's moral decay in pursuit of power.,NA,"Thriller, Political","Corruption, Politics",NA,Completed,116 min,,,
In Our Day,South Korea,2023,7.3,Parallel lives of a poet and an actress unfold through quiet reflection.,NA,Drama,"Life, Reflection",NA,Completed,84 min,,,
One Second Champion,Taiwan,2023,7.7,"A man can see one second into the future, becomes a boxer.",NA,"Sports, Sci-Fi","Boxing, Superpower",NA,Completed,95 min,,,
Love Reset,South Korea,2023,7.4,Divorced couple loses memory and falls in love again.,NA,Romantic Comedy,"Amnesia, Divorce",NA,Completed,119 min,,,
My Name Is Loh Kiwan,South Korea,2024,7.6,North Korean defector in Belgium finds love and struggles for asylum.,NA,"Drama, Romance","Refugee, Struggle",NA,Completed,131 min,,,
Call Me Chihiro,Japan,2023,7.1,A former sex worker changes lives in a seaside town.,NA,Drama,"Healing, Solitude",NA,Completed,131 min,,,
Ichiko,Japan,2023,7.3,An ordinary woman tries to escape her dull life through crime.,NA,"Thriller, Crime","Dark, Identity",NA,Completed,128 min,,,
The Wandering Earth 2,China,2023,7.9,Prequel to the original sci-fi blockbuster. Earth faces space disaster.,NA,"Sci-Fi, Adventure","Disaster, Space",NA,Completed,173 min,,,
Hidden Blade,China,2023,8,Spy thriller during Japanese occupation in WWII China.,NA,"War, Thriller","Espionage, History",https://resizing.flixster.com/uwWHoNvL_qPmOSjtRPUaI9x-_nE=/fit-in/705x460/v2/https://resizing.flixster.com/-XZAfHZM39UwaGJIFWKAE8fS0ak=/v3/t/assets/p24038702_v_h8_aa.jpg,Completed,130 min,,,
How to Have Sex,Japan,2023,6.9,Coming-of-age vacation gone wrong.,NA,Drama,"Youth, Recklessness",NA,Completed,98 min,,,
All the Long Nights,Japan,2023,7.3,Two lonely people in late-night radio find solace.,NA,"Drama, Romance","Healing, Radio",NA,Completed,126 min,,,
Soulmate,South Korea,2023,7.8,"Two best friends share life, love, and heartbreak over 14 years.",NA,"Drama, Romance","Friendship, Growth",NA,Completed,124 min,,,
Unlocked,South Korea,2023,6.9,A woman’s life is endangered when her lost phone is found by a stalker.,NA,"Thriller, Crime","Smartphone, Stalker",NA,Completed,117 min,,,
The Confidence Man JP: Episode of the Princess,Japan,2023,7.2,Con artists go after a wealthy heiress.,NA,"Crime, Comedy","Heist, Trickery",NA,Completed,124 min,,,
Inhuman Kiss: The Last Breath,Thailand,2023,7.1,Sequel exploring supernatural love and sacrifice.,NA,"Fantasy, Romance","Ghost, Myth",NA,Completed,125 min,,,
Hunger,Thailand,2023,7.5,Street food cook enters elite dining world and faces ruthless chef.,NA,Drama,"Food, Ambition",NA,Completed,146 min,,,
Home for Rent,Thailand,2023,7.4,Horror thriller involving a haunted rental home.,NA,"Horror, Thriller","Haunted, Cult",NA,Completed,118 min,,,
Miss Shampoo,Taiwan,2023,7.2,Hair stylist falls in love with a gangster.,NA,"Romance, Comedy","Mafia, Romance",NA,Completed,102 min,,,
We Are Family,Taiwan,2023,7.4,LGBTQ+ comedy exploring unconventional families.,NA,"Comedy, LGBTQ+","Identity, Acceptance",NA,Completed,100 min,,,
Omniscient Reader's Viewpoint,South Korea,2025,0,"Based on webtoon, protagonist trapped in novel world.",NA,"Fantasy, Action","System, Survival",NA,Upcoming,NA,,,
Love Like the Falling Petals,Japan,2022,7,Romance where time becomes a villain.,NA,"Romance, Drama","Illness, Tragedy",NA,Completed,128 min,,,
Little Miss Period,Japan,2023,6.8,A comedy personifying menstruation.,NA,"Comedy, Fantasy","Health, Satire",NA,Completed,75 min,,,
Time Taxi,Japan,2024,0,Taxi that can time travel helps customers fix past mistakes.,NA,"Sci-Fi, Drama","Time Travel, Choices",NA,Ongoing,NA,,,
The Breaking Ice,China,2023,7.4,Three strangers bond during a chilly winter escape.,NA,"Indie, Drama","Loneliness, Connection",NA,Completed,96 min,,,
Yesterday Once More,China,2023,7.2,Teen romantic fantasy about time travel and regret.,NA,"Fantasy, Romance","Teen, Regret",NA,Completed,100 min,,,
Twilight of the Warriors: Walled In,China,2025,0,Martial arts crime thriller inside lawless Kowloon Walled City.,NA,"Action, Crime","Martial Arts, Crime City",NA,Upcoming,NA,,,
4 Kings II,Thailand,2023,7.3,Rival school gangs face off in gritty fights.,NA,"Action, Youth","Violence, School",NA,Completed,114 min,,,
Khun Phaen Begins,Thailand,2024,7.1,Thai myth turned modern fantasy.,NA,"Fantasy, Adventure","Mythology, Warrior",NA,Upcoming,NA,,,
The Pool,Thailand,2023,6.9,Trapped in a drained pool with a crocodile.,NA,"Thriller, Survival","Isolation, Survival",NA,Completed,91 min,,,
Wave Makers,Taiwan,2023,7.6,Behind-the-scenes look at a political campaign.,NA,"Drama, Political","Power, Feminism",NA,Completed,8 eps,,,
The Battle: Roar to Victory,South Korea,2019,7,Korean independence fighters take on the Japanese army in 1920.,https://www.youtube.com/watch?v=tGu5ZJ_NB4U,"Action, History","War, Resistance",0,Completed,135 min,,,
Tokyo MER: Mobile Emergency Room,Japan,2023,7.6,Emergency medics risk their lives to save people under extreme pressure.,https://www.youtube.com/watch?v=4YFDRxwFvq4,"Drama, Medical","Emergency, Hospital",0,Completed,128 min,,,
Man in Love,Taiwan,2021,7.3,A debt collector falls in love with a woman caring for her father.,https://www.youtube.com/watch?v=6CzvEdr1sJ4,"Romance, Drama","Illness, Redemption",0,Completed,114 min,,,
Bad Genius: The Movie,Thailand,2017,8.1,A brilliant student devises a cheating operation.,https://www.youtube.com/watch?v=CLm_3-k8Vko,"Crime, Thriller","Heist, School",0,Completed,130 min,,,
One and Four,China,2023,6.4,A man in the wilderness is visited by strangers with hidden motives.,https://www.youtube.com/watch?v=dE-2Evhz6lg,"Thriller, Mystery","Survival, Intrigue",0,Completed,88 min,,,
The Moon,South Korea,2023,7,A man is stranded in space and needs to be rescued.,https://www.youtube.com/watch?v=nAhF0s0GJtM,"Sci-Fi, Drama","Space, Survival",0,Completed,129 min,,,
Blue Giant,Japan,2023,7.9,A boy aspires to be a jazz saxophonist.,https://www.youtube.com/watch?v=BlrT5D_91oQ,"Music, Drama","Jazz, Ambition",0,Completed,120 min,,,
Everything Will Be Fine,China,2022,7.2,Family struggles and resilience amid changes.,https://www.youtube.com/watch?v=3aWw1OZsx9g,"Drama, Family","Family, Hope",0,Completed,123 min,,,
Fast and Feel Love,Thailand,2022,6.9,A speed stacking champion faces life’s real challenges.,https://www.youtube.com/watch?v=lMIiW6PpA-A,"Comedy, Romance","Sports, Breakup",0,Completed,132 min,,,
The Roundup: Punishment,South Korea,2024 (Upcoming),0,The next installment of Ma Dong-seok's cop action series.,https://www.youtube.com/watch?v=X6PaU4mDsME,"Action, Crime","Sequel, Detective",0,Upcoming,0,,,
Soul Mate,China,2023,7,Two close friends face life’s changes together.,https://www.youtube.com/watch?v=JGqWeIT1fpE,"Romance, Youth","Friendship, Life",0,Completed,120 min,,,
A Man,Japan,2022,7.6,A widow discovers her late husband had a secret identity.,https://www.youtube.com/watch?v=YOkaCZfJSwI,"Mystery, Drama","Identity, Loss",0,Completed,121 min,,,
Love Reset,South Korea,2023,6.8,A couple divorcing gets amnesia and falls in love again.,https://www.youtube.com/watch?v=Ds7bI9c04a4,"Romance, Comedy","Memory Loss, Couple",0,Completed,119 min,,,
Call Me Chihiro,Japan,2023,7.1,A former sex worker changes the lives of people around her.,https://www.youtube.com/watch?v=QKmm-FdUdlY,Drama,"Healing, Life",0,Completed,131 min,,,
In Broad Daylight,China,2024 (Upcoming),0,Based on a true crime exposé on sexual abuse.,https://www.youtube.com/watch?v=rsl-FErftfg,"Crime, Social","Journalism, Abuse",0,Upcoming,0,,,
Kingmaker,South Korea,2022,7.2,A political strategist and a candidate challenge corruption.,https://www.youtube.com/watch?v=pp6uqMUoDLk,"Political, Drama","Elections, Scandal",0,Completed,123 min,,,
Detective Chinatown 3,China,2021,6.6,Detectives solve a case in Tokyo.,https://www.youtube.com/watch?v=fcF_PuJqI24,"Comedy, Mystery","Investigation, Buddy",0,Completed,136 min,,,
Fine Line,South Korea,2025 (Upcoming),0,A medical thriller focusing on ethics and responsibility.,0,"Thriller, Medical","Ethics, Hospital",0,Upcoming,0,,,
River Knows,Taiwan,2023,7.3,A quiet emotional story involving hidden family truths.,0,Drama,"Family, Secrets",0,Completed,111 min,,,
Sleep,South Korea,2023,7.3,A newlywed couple is tormented by eerie happenings when the husband begins sleepwalking.,https://youtu.be/3vOStfDw-EM,"Horror, Thriller","Sleepwalking, Mystery",https://image.tmdb.org/t/p/w500/sleep.jpg,Completed,94 min,,,
Kingdom of the Planet of the Apes,Japan,2024,7.5,Apes have taken over the world as humans struggle to survive in the shadows.,https://youtu.be/yo7YB4RvmaE,"Sci-Fi, Action","Apes, Survival, Future War",https://image.tmdb.org/t/p/w500/apes.jpg,Completed,145 min,,,
The Broken Commandment,Japan,2024,7.1,A remake of a 1939 classic where a teacher hides his Burakumin identity.,https://youtu.be/burakuremake,"Drama, Historical","Identity, Prejudice",https://image.tmdb.org/t/p/w500/broken.jpg,Completed,118 min,,,
My Heavenly City,Taiwan,2023,7.2,Three people navigate life and dreams in New York’s Chinese community.,https://youtu.be/heavenlycity,"Drama, Romance","Immigrants, NYC",https://image.tmdb.org/t/p/w500/myheaven.jpg,Completed,112 min,,,
Born to Fly,China,2023,6.5,A patriotic aviation film following elite Chinese pilots.,https://youtu.be/bornflychina,"Action, War","Fighter Jets, Nationalism",https://image.tmdb.org/t/p/w500/borntofly.jpg,Completed,128 min,,,
Ghost Book,Japan,2022,7,A mysterious book that grants wishes with a spooky price.,https://youtu.be/ghostbookjapan,"Fantasy, Family","Ghosts, Supernatural",https://image.tmdb.org/t/p/w500/ghostbook.jpg,Completed,110 min,,,
How to Make Millions Before Grandma Dies,Thailand,2024,8,A boy moves in with his sick grandma hoping for inheritance but finds love.,https://youtu.be/grandma2024,"Drama, Family","Grandparent, Greed, Heartfelt",https://image.tmdb.org/t/p/w500/grandma.jpg,Completed,124 min,,,
Love Reset,South Korea,2023,7.4,A couple trying to divorce both lose memory in an accident.,https://youtu.be/lovereset,"Comedy, Romance","Memory Loss, Marriage",https://image.tmdb.org/t/p/w500/lovereset.jpg,Completed,120 min,,,
Lost in the Stars,China,2023,7.6,A thriller about a missing wife and a husband facing accusations.,https://youtu.be/loststarschina,"Thriller, Mystery","Disappearance, Deception",https://image.tmdb.org/t/p/w500/loststars.jpg,Completed,122 min,,,
Monster,Japan,2023,8.2,"A mother uncovers her son’s school abuse, only to learn shocking truths.",https://youtu.be/monsterkoreeda,"Drama, Thriller","Bullying, Mystery",https://occ-0-8407-92.1.nflxso.net/dnm/api/v6/Z-WHgqd_TeJxSuha8aZ5WpyLcX8/AAAABetidNvhWXggK5YIbtaZAkGNBRU5ceai45XFEseIEWi1K6vu7x3bYrCOXDHrXr4L8DPbix1Pia87eb6ZBkVHC39gWYs88FKKUc9t.jpg?r=728,Completed,126 min,,,
Eye for an Eye,China,2024,7,A blind girl becomes the center of a suspenseful mystery.,https://youtu.be/eyeforaneye,"Mystery, Drama","Blindness, Revenge",https://image.tmdb.org/t/p/w500/eyeeye.jpg,Completed,103 min,,,
Six Characters,Thailand,2022,6.8,Thai adaptation of the famous play featuring characters confronting reality.,https://youtu.be/sixcharacth,"Horror, Experimental","Theatre, Identity",https://image.tmdb.org/t/p/w500/sixchar.jpg,Completed,128 min,,,
The Abandoned,China,2024,6.9,A female detective confronts her traumatic past.,https://youtu.be/theabandoned,"Crime, Drama","Abandonment, Trauma",https://image.tmdb.org/t/p/w500/aband.jpg,Completed,106 min,,,
Motherhood,South Korea,2025,0,A psychological thriller about toxic motherhood.,https://youtu.be/motherhoodkr,"Thriller, Family","Motherhood, Manipulation",https://image.tmdb.org/t/p/w500/motherhood.jpg,Upcoming,TBA,,,
A Hundred Flowers,Japan,2022,7.1,A son grapples with his mother’s dementia and fading memories.,https://youtu.be/ahundredflowers,"Drama, Family","Memory, Aging, Japan",https://image.tmdb.org/t/p/w500/flowers.jpg,Completed,104 min,,,
Lovers on the Red Sky,South Korea,2024,0,A fantasy romance involving a blind painter and a cursed prince.,https://youtu.be/redskymovie,"Fantasy, Romance","Historical, Curse",https://image.tmdb.org/t/p/w500/redsky.jpg,Upcoming,TBA,,,
Operation Fortune: Ruse de Guerre (Asia release),Thailand,2023,6.9,A spy thriller with global conspiracies and tech heists.,https://youtu.be/opfortuneasia,"Action, Thriller","Spy, Heist",https://image.tmdb.org/t/p/w500/opfortune.jpg,Completed,114 min,,,
Perfect Days,Japan,2023,8,"A Tokyo toilet cleaner reflects on a quiet, contemplative life.",https://youtu.be/perfectdaysjpn,"Drama, Slice of Life","Tokyo, Simplicity",https://image.tmdb.org/t/p/w500/perfect.jpg,Completed,123 min,,,
Sisu (Asia Release),Thailand,2023,6.8,A gold miner battles Nazis in the Finnish wilderness.,https://youtu.be/sisumovieasia,"Action, War","Gold, Survival, Revenge",https://image.tmdb.org/t/p/w500/sisuasia.jpg,Completed,91 min,,,
The Tenants Downstairs,Taiwan,2023,6.7,A mysterious landlord spies on his tenants with a supernatural twist.,https://youtu.be/tenantsmovie,"Horror, Psychological","Tenants, Voyeurism",https://image.tmdb.org/t/p/w500/tenants.jpg,Completed,112 min,,,
Under Parallel Skies,Thailand,2024,7.5,A Thai and Filipino story of two strangers whose lives intersect in Bangkok.,https://www.youtube.com/watch?v=ifFt_g7r7Fo,"Romance, Drama","Cross-cultural, Modern Love",https://image.tmdb.org/t/p/original/sample.jpg,Upcoming,115 min,,,
